Company,Year,Quarter,Total_Laid_Off
 E Inc.,2022,2022Q4,0
 F-Secure ,2023,2023Q4,70
 Included Health,2022,2022Q3,0
#Paid,2023,2023Q1,19
&Open,2022,2022Q4,9
100 Thieves,2022,2022Q3,12
100 Thieves,2023,2023Q1,0
10X Genomics,2022,2022Q3,100
123Milhas,2023,2023Q3,0
1K Kirana,2023,2023Q2,600
1stdibs,2020,2020Q2,70
23andMe,2023,2023Q2,75
23andMe,2023,2023Q3,71
2TM,2022,2022Q2,90
2TM,2022,2022Q3,100
2U,2022,2022Q3,0
2U,2023,2023Q3,0
2U,2024,2024Q1,0
54gene,2022,2022Q3,95
5B Solar,2022,2022Q2,0
6sense,2022,2022Q4,150
7Shifts,2024,2024Q1,68
7shifts,2023,2023Q3,30
80 Acres Farms,2023,2023Q1,0
888,2024,2024Q1,0
8x8,2022,2022Q4,200
8x8,2023,2023Q1,155
98point6,2022,2022Q3,0
98point6,2024,2024Q2,0
99,2022,2022Q3,75
ABBYY,2024,2024Q4,200
ABL,2024,2024Q3,0
AEye,2023,2023Q1,46
ALI Technologies,2024,2024Q1,0
AU10TIX,2023,2023Q1,19
Aakash,2024,2024Q3,80
Abra,2022,2022Q2,12
Absci,2022,2022Q3,40
Absci,2023,2023Q3,30
Absolute Software,2023,2023Q2,40
Acast,2022,2022Q3,70
Accolade,2023,2023Q1,0
Acko,2020,2020Q2,45
Acorns,2020,2020Q2,50
Acronis,2023,2023Q4,0
Actifio,2020,2020Q4,54
ActiveCampaign,2022,2022Q4,0
Actyv.ai,2023,2023Q3,0
Acxiom,2023,2023Q2,0
AdRoll,2020,2020Q1,210
Ada,2022,2022Q3,78
Ada,2023,2023Q1,0
Ada Health,2022,2022Q4,50
Ada Support,2020,2020Q2,36
Adaptive Biotechnologies,2022,2022Q1,100
Adara,2020,2020Q1,0
Adda247,2023,2023Q4,300
Addepar,2023,2023Q1,20
Addi,2022,2022Q2,0
Adobe,2022,2022Q4,100
Advata,2022,2022Q4,32
Adwerx,2022,2022Q3,40
Affirm,2022,2022Q4,0
Affirm,2023,2023Q1,500
Affirm,2024,2024Q1,60
Afterverse,2022,2022Q2,60
AgentSync,2023,2023Q3,67
Agility Robotics,2024,2024Q2,0
Agoda,2020,2020Q2,1500
Ahead,2022,2022Q2,44
Air,2020,2020Q3,0
AirMap,2020,2020Q2,0
Airbnb,2020,2020Q2,1900
Airbnb,2023,2023Q1,30
Airbyte,2023,2023Q1,0
Airlift,2022,2022Q2,0
Airlift,2022,2022Q3,0
Airmeet,2023,2023Q2,75
Airmeet,2024,2024Q1,0
Airtable,2022,2022Q4,254
Airtable,2023,2023Q3,237
Airtame,2022,2022Q2,15
Airtasker,2022,2022Q3,0
Airtasker,2023,2023Q2,45
Airtime,2022,2022Q2,30
Airy Rooms,2020,2020Q2,0
Aiven,2023,2023Q1,0
Ajaib,2022,2022Q4,67
Akamai,2023,2023Q2,290
Akerna,2020,2020Q3,0
Akerna,2022,2022Q2,0
Akili Interactive,2024,2024Q2,0
Akili Labs,2023,2023Q1,46
Akili Labs,2023,2023Q3,0
Akseleran,2023,2023Q3,60
Akudo,2023,2023Q3,0
Akulaku,2020,2020Q2,100
AlayaCare,2022,2022Q3,80
Albert,2022,2022Q2,20
Alegion,2020,2020Q2,0
Aleph Farms,2024,2024Q2,30
Alerzo,2022,2022Q3,0
Alerzo,2023,2023Q1,400
Alerzo,2023,2023Q4,100
AliExpress Russia,2022,2022Q2,400
Alibaba Cloud,2023,2023Q2,0
Alice,2022,2022Q3,63
Alice,2022,2022Q4,113
Allbirds,2022,2022Q3,23
AllyO,2020,2020Q2,0
Alma,2024,2024Q4,0
Almanac,2022,2022Q3,0
Alteryx,2023,2023Q2,320
Alto Pharmacy,2020,2020Q3,47
Alto Pharmacy,2022,2022Q3,0
Amazon,2022,2022Q4,10150
Amazon,2023,2023Q1,17000
Amazon,2023,2023Q3,80
Amazon,2023,2023Q4,180
Amazon,2024,2024Q1,430
Amazon,2024,2024Q2,0
Amber Group,2022,2022Q3,0
Ambev Tech,2023,2023Q1,50
Amdocs,2023,2023Q1,700
Amdocs,2023,2023Q3,2000
American Robotics,2023,2023Q1,50
Amobee,2022,2022Q4,0
Amount,2022,2022Q2,0
Amount,2023,2023Q1,130
Amperity,2022,2022Q3,13
Amperity,2024,2024Q1,20
Amperity,2024,2024Q3,0
Amplero,2020,2020Q1,17
Amplitude,2023,2023Q2,99
Anagram,2020,2020Q2,17
Analog Devices,2023,2023Q4,111
Anaplan,2023,2023Q2,300
Anar,2023,2023Q4,0
Ancestry,2024,2024Q1,81
Anchorage Digital,2023,2023Q1,75
Andela,2020,2020Q2,135
Andgo,2023,2023Q3,9
AngelList,2020,2020Q1,20
Ankorstore,2023,2023Q1,0
Anodot,2022,2022Q3,50
AnswerLab,2023,2023Q1,0
Antidote Health,2022,2022Q4,23
Anyline,2023,2023Q1,0
Anyvision,2020,2020Q1,0
Anywell,2022,2022Q3,11
Apartment List,2022,2022Q3,29
Apeel Sciences,2022,2022Q3,0
Apollo,2022,2022Q4,0
Apollo Insurance,2022,2022Q4,0
App Annie,2020,2020Q2,80
AppFolio,2023,2023Q2,62
AppFolio,2023,2023Q3,149
AppGate,2022,2022Q3,130
AppHarvest,2023,2023Q3,0
AppLovin,2022,2022Q2,300
AppLovin,2024,2024Q3,61
Appcues,2023,2023Q1,0
Appgate,2023,2023Q1,34
Apple,2023,2023Q2,0
Apple,2024,2024Q1,0
Apple,2024,2024Q2,614
Apple,2024,2024Q3,100
ApplyBoard,2022,2022Q4,90
ApplyBoard,2024,2024Q3,0
Appsmith,2023,2023Q3,35
Aptiv,2024,2024Q1,250
Aqgromalin,2022,2022Q2,80
Aqua Security,2020,2020Q2,24
Aqua Security,2022,2022Q4,65
Aqua Security,2024,2024Q3,50
Arc,2022,2022Q3,13
Arch Oncology,2023,2023Q1,0
Archipelago,2023,2023Q3,40
Arete,2022,2022Q3,0
Argo AI,2020,2020Q2,100
Argo AI,2022,2022Q3,150
Argo AI,2022,2022Q4,432
Argyle,2022,2022Q3,20
Arive,2023,2023Q3,0
Arkane Studios,2024,2024Q2,96
Arm Holdings,2023,2023Q4,70
Armis,2022,2022Q4,25
Arrival,2022,2022Q3,0
Arrival,2022,2022Q4,0
Arrival,2023,2023Q1,800
Arrival,2023,2023Q4,0
Arrive Logistics,2020,2020Q2,75
Article,2022,2022Q3,216
Articulate,2023,2023Q1,38
Artifact,2024,2024Q1,0
Artnight,2022,2022Q3,26
Artsy,2023,2023Q2,35
Asana,2022,2022Q4,180
AskNicely,2020,2020Q2,0
Aspiration,2023,2023Q1,170
Aspire,2022,2022Q3,23
Assurance,2024,2024Q2,112
Assure,2022,2022Q4,0
Astra,2020,2020Q2,40
Astra,2022,2022Q4,0
Astra,2023,2023Q3,0
Astrate Medical,2024,2024Q1,0
Astronomer,2023,2023Q1,76
Astronomer,2023,2023Q2,100
At-Bay,2023,2023Q3,27
Athennian,2023,2023Q3,30
Atlanta Tech Village,2020,2020Q2,0
Atlas,2023,2023Q3,150
Atlas Obscura ,2020,2020Q2,15
Atlassian,2023,2023Q1,500
Atmosphere,2023,2023Q4,0
Atmosphere,2024,2024Q2,100
AtoB,2022,2022Q4,32
Atome,2022,2022Q4,0
Atsu,2020,2020Q2,6
Attentive,2023,2023Q1,0
Auctane,2024,2024Q1,0
Audible,2024,2024Q1,100
AudioCodes,2023,2023Q2,80
AudioCodes,2023,2023Q3,80
Augury,2023,2023Q1,20
Augury,2023,2023Q3,70
Aura,2022,2022Q2,70
Aura Financial,2020,2020Q2,0
Aura Financial,2021,2021Q1,0
Aurora,2024,2024Q1,0
Aurora Solar,2024,2024Q1,111
Autobooks,2022,2022Q4,0
Autodesk,2023,2023Q1,250
Autograph,2022,2022Q4,0
Autograph,2023,2023Q2,30
Automatic,2020,2020Q2,0
Automation Anywhere,2020,2020Q2,260
Automox,2022,2022Q2,0
Ava Labs,2023,2023Q4,0
Avalara,2023,2023Q1,0
AvantStay,2022,2022Q2,80
AvantStay,2022,2022Q4,144
AvantStay,2023,2023Q2,37
Avantage Entertainment,2020,2020Q2,5
Avast,2022,2022Q4,0
Avaya,2023,2023Q1,0
Avidbots,2023,2023Q1,50
Avo,2022,2022Q2,500
Avocargo,2023,2023Q2,16
Aware,2023,2023Q1,0
Aware,2023,2023Q3,0
Away,2020,2020Q2,60
Away,2023,2023Q2,22
Away,2024,2024Q1,0
Awok,2020,2020Q3,0
Axios Media,2024,2024Q3,50
Aya,2020,2020Q4,5
Ayoconnect,2023,2023Q3,0
Azibo,2023,2023Q2,0
B8ta,2020,2020Q1,250
BM Technologies,2023,2023Q1,0
BUX,2023,2023Q1,0
BVAccel,2020,2020Q2,25
Babylon,2022,2022Q3,100
Babylon Health,2023,2023Q3,94
Back Market,2022,2022Q4,93
Bakkt,2022,2022Q4,0
Bakkt,2024,2024Q2,28
Bally's Interactive,2023,2023Q1,0
Balto,2022,2022Q2,30
Balto,2022,2022Q4,35
Bamboo Health,2022,2022Q3,52
Bandcamp,2023,2023Q4,58
Banxa,2022,2022Q2,70
Baraja,2023,2023Q1,0
Bardee,2023,2023Q3,30
Bark,2023,2023Q1,126
Bark,2023,2023Q3,0
Basis Technologies,2023,2023Q1,40
Baton,2022,2022Q2,16
Bcredi,2020,2020Q1,0
BeReal,2024,2024Q2,0
Beam Benefits,2023,2023Q1,31
Beam Benefits,2024,2024Q1,74
Beamery,2023,2023Q1,0
Beamery,2023,2023Q4,0
Beat,2022,2022Q4,0
BeeTech,2020,2020Q2,30
BeepKart,2024,2024Q4,130
Belora Paris,2023,2023Q4,0
Bench,2020,2020Q1,47
BenchSci,2024,2024Q1,70
Benchling,2023,2023Q2,74
Benevity,2023,2023Q1,137
BenevolentAI,2023,2023Q2,180
Benitago Group,2022,2022Q4,0
Berkeley Lights,2022,2022Q3,0
Berlin Brands Group,2022,2022Q2,100
Bestow,2022,2022Q2,41
Better Therapeutics,2023,2023Q1,0
Better.com,2021,2021Q4,900
Better.com,2022,2022Q1,3000
Better.com,2022,2022Q2,0
Better.com,2022,2022Q3,0
Better.com,2023,2023Q2,0
Better.com,2023,2023Q3,0
BetterCloud,2020,2020Q2,0
BetterUp,2023,2023Q3,100
Betterfly,2022,2022Q3,30
Betterfly,2023,2023Q1,0
Betterment,2023,2023Q1,28
Bevi,2020,2020Q1,30
Beyond Meat,2022,2022Q3,40
Beyond Meat,2022,2022Q4,400
Beyond Meat,2023,2023Q4,65
BeyondMinds,2022,2022Q2,65
BharatAgri,2023,2023Q1,40
Big Cabal Media,2023,2023Q3,0
Big Fish Games,2020,2020Q3,250
BigBear.ai,2022,2022Q3,0
BigCommerce,2022,2022Q4,180
BigCommerce,2023,2023Q4,0
BigPanda,2023,2023Q2,40
Bikayi,2022,2022Q3,0
Bilibili,2022,2022Q4,0
Bill.com,2023,2023Q4,0
BillGO,2024,2024Q1,80
Binance,2023,2023Q3,1000
Binance.US,2023,2023Q2,0
Binance.US,2023,2023Q3,100
BioMarin,2022,2022Q4,120
Biofourmis,2023,2023Q3,120
Bird,2020,2020Q1,406
Bird,2022,2022Q2,138
Bird,2023,2023Q4,0
Bishop Fox,2023,2023Q2,50
BitGo,2020,2020Q2,0
BitMEX,2022,2022Q2,75
BitMEX,2022,2022Q4,0
BitOasis,2022,2022Q2,9
BitSight,2023,2023Q1,40
BitTitan,2021,2021Q4,70
BitTorrent,2023,2023Q1,92
Bitfarms,2020,2020Q2,0
Bitfront,2022,2022Q4,0
Bitpanda,2022,2022Q2,270
Bitrise,2022,2022Q3,0
Bitso,2022,2022Q2,80
Bitso,2022,2022Q4,100
Bittrex,2023,2023Q1,80
Bitwise,2023,2023Q2,900
Bizongo,2020,2020Q3,140
Bizongo,2023,2023Q4,50
Bizpay,2022,2022Q2,0
Bizzabo,2022,2022Q3,120
Bizzabo,2022,2022Q4,100
Black Shark,2023,2023Q1,900
BlackBuck,2020,2020Q2,200
BlackLine,2022,2022Q4,95
BlackLine,2023,2023Q3,95
Blackbaud,2023,2023Q1,500
Bleacher Report,2020,2020Q3,20
Blend,2022,2022Q2,200
Blend,2022,2022Q3,220
Blend,2022,2022Q4,100
Blend,2023,2023Q1,340
Blend,2023,2023Q3,150
BlissClub,2024,2024Q1,21
Block,2023,2023Q4,0
Block,2024,2024Q1,1000
BlockFi,2022,2022Q2,250
BlockFi,2022,2022Q4,0
Blockchain.com,2022,2022Q3,150
Blockchain.com,2023,2023Q1,110
BloomTech,2022,2022Q4,88
Blue Apron,2022,2022Q4,0
Blue Apron,2023,2023Q3,0
Blue Nile,2023,2023Q1,119
Blue Origin,2023,2023Q3,0
Blue Origin,2023,2023Q4,40
BlueStacks,2022,2022Q3,60
Blueboard,2024,2024Q1,0
Blueground,2020,2020Q1,130
Bluelearn,2024,2024Q3,0
Bluepad,2023,2023Q2,0
Bluevine,2024,2024Q2,0
Blume Global,2020,2020Q1,30
Bluprint,2020,2020Q2,137
Bol.com,2022,2022Q4,300
Bolt,2022,2022Q2,240
Bolt,2023,2023Q1,67
Bolt,2023,2023Q4,0
Bolt.Earth,2023,2023Q4,0
Bolt.Earth,2024,2024Q2,70
Bond,2022,2022Q2,0
Bonsai,2022,2022Q2,59
Bonterra ,2023,2023Q1,140
Bonterra ,2023,2023Q3,0
Bonusly,2023,2023Q1,0
BookClub,2022,2022Q2,12
BookMyShow,2020,2020Q2,270
Booking.com,2020,2020Q3,4375
Booking.com,2022,2022Q4,226
Booksy,2020,2020Q2,200
Booktopia,2022,2022Q2,0
Booktopia,2023,2023Q1,30
Boost,2023,2023Q2,15
Boosted Commerce,2022,2022Q3,0
Boozt,2022,2022Q2,70
Borrowell,2020,2020Q2,15
Bossa Nova,2020,2020Q2,61
Bossa Nova,2020,2020Q4,0
Bounce,2020,2020Q1,120
Bounce,2020,2020Q2,130
Bounce,2021,2021Q1,200
Bounce,2023,2023Q1,40
BounceX,2020,2020Q2,77
Bowery Farming,2023,2023Q4,0
Boxed,2023,2023Q1,32
Braid,2023,2023Q4,0
Brainbase,2022,2022Q3,0
Brainly,2022,2022Q4,25
Brainly,2023,2023Q2,0
Branch,2020,2020Q2,3
Branch,2023,2023Q2,186
Branch,2024,2024Q1,85
Branch Metrics,2020,2020Q2,100
Branch.io,2024,2024Q3,100
Brave,2023,2023Q4,0
Brave,2024,2024Q3,27
Brave Care,2022,2022Q3,40
Breathe,2022,2022Q2,50
Breather,2020,2020Q4,120
Brex,2020,2020Q2,62
Brex,2022,2022Q4,136
Brex,2024,2024Q1,282
Bridge Connector,2020,2020Q4,154
Bridgit,2022,2022Q4,13
Bright Machines,2022,2022Q2,30
Bright Money,2022,2022Q3,100
Brightcove,2023,2023Q2,70
Brighte,2022,2022Q2,30
Brighte,2022,2022Q3,58
Brightline,2022,2022Q4,0
Brightline,2023,2023Q2,0
Brilliant,2024,2024Q2,0
Bringg,2020,2020Q2,10
Britishvolt,2023,2023Q1,206
Briza,2022,2022Q4,26
Brodmann17,2022,2022Q4,0
Bryter,2022,2022Q3,100
Buenbit,2022,2022Q2,80
Builder,2020,2020Q2,39
Buildertrend,2023,2023Q4,0
Built In,2020,2020Q2,28
Built In,2022,2022Q4,50
Built Technologies,2023,2023Q3,0
Built Technologies copy,2023,2023Q1,0
Bukalapak,2023,2023Q3,0
Bullhorn,2020,2020Q2,100
Bullhorn,2023,2023Q4,140
Bullish,2022,2022Q3,30
Bumble,2024,2024Q1,350
Bundle Africa,2023,2023Q3,0
Bungalow,2022,2022Q2,70
Bungie,2024,2024Q3,220
Bunnii,2023,2023Q2,0
BusBud,2020,2020Q2,23
Buser,2022,2022Q4,160
Business Insider,2024,2024Q1,0
Bustle Digital Group,2020,2020Q2,43
Bustle Digital Group,2023,2023Q1,0
Butler Hospitality,2022,2022Q3,1000
Butterfly Network,2022,2022Q3,0
Butterfly Network,2023,2023Q1,0
Butterfly Network copy,2023,2023Q3,0
Button,2020,2020Q2,48
Buy.com / Rakuten,2020,2020Q3,87
BuzzFeed,2022,2022Q4,180
BuzzFeed,2023,2023Q2,180
BuzzFeed,2024,2024Q1,0
Buzzer,2022,2022Q2,0
Buzzer,2023,2023Q2,0
Bybit,2022,2022Q2,600
Bybit,2022,2022Q4,0
Byju's,2022,2022Q4,2500
Byju's,2023,2023Q1,1500
Byju's,2023,2023Q2,1000
Byju's,2024,2024Q2,500
Bytedance,2021,2021Q1,1800
Bytedance,2021,2021Q3,1800
Bytedance,2022,2022Q2,150
Bytedance,2023,2023Q1,0
Bytedance,2023,2023Q4,1000
Bytedance,2024,2024Q2,450
Byton,2020,2020Q2,0
C2FO,2022,2022Q4,20
C2FO,2023,2023Q4,80
C2FO,2024,2024Q2,16
C3.ai,2023,2023Q4,0
C6 Bank,2020,2020Q2,60
C6 Bank,2023,2023Q1,0
CNET,2023,2023Q1,12
CS Disco,2023,2023Q1,62
CS Disco,2023,2023Q2,0
CTO.ai,2020,2020Q1,30
Cabify,2024,2024Q2,29
Cabin,2020,2020Q1,0
Cadre,2020,2020Q2,28
Cake Bikes,2024,2024Q1,0
Cake Group,2023,2023Q4,50
Calendly,2023,2023Q3,60
Calibrate,2022,2022Q3,156
Calibrate,2023,2023Q2,0
Caliva,2020,2020Q1,20
Caliva,2023,2023Q3,54
Callisto Media,2022,2022Q3,140
Callisto Media,2022,2022Q4,0
Calm,2022,2022Q3,90
Cambricon,2023,2023Q3,0
Cameo,2022,2022Q2,87
Cameo,2022,2022Q4,80
Cameo,2023,2023Q3,80
Camp K12,2023,2023Q1,0
Cana,2023,2023Q2,0
Candidate Labs,2022,2022Q3,0
Candor Technology,2023,2023Q1,0
Candy Digital,2022,2022Q4,33
Candy Digital,2023,2023Q2,30
Canoo,2022,2022Q3,58
Capillary,2020,2020Q2,0
Capital One,2023,2023Q1,1100
Capiter,2022,2022Q3,0
Capitolis,2022,2022Q4,37
Capsule,2022,2022Q3,0
Captain Fresh ,2023,2023Q1,120
Captiv8,2023,2023Q3,8
CaptivateIQ,2022,2022Q4,31
CarDekho,2020,2020Q2,200
CarDekho,2022,2022Q3,0
CarGurus,2020,2020Q2,130
CarTrawler,2024,2024Q3,40
Carbon,2022,2022Q4,0
Carbon Health,2022,2022Q2,250
Carbon Health,2023,2023Q1,200
Carbon Health,2023,2023Q4,114
Carbon Health,2024,2024Q1,56
Cardlytics,2022,2022Q4,51
Care.com,2020,2020Q2,81
Care/of,2024,2024Q2,143
CareRev,2023,2023Q1,0
CareRev,2023,2023Q2,100
Careem,2020,2020Q2,536
Career Karma,2022,2022Q3,60
Career Karma,2023,2023Q1,22
CareerArc,2023,2023Q1,0
Caribou,2022,2022Q4,0
Carousell,2022,2022Q4,110
Cars24,2022,2022Q2,600
Cars24,2023,2023Q2,100
Carsome,2022,2022Q3,0
Cart.com,2023,2023Q1,25
Carta,2020,2020Q2,161
Carta,2023,2023Q1,0
Carta,2023,2023Q4,0
Carvana,2022,2022Q2,2500
Carvana,2022,2022Q4,1500
Carvana,2023,2023Q1,0
Carwow,2022,2022Q4,70
Casavo,2023,2023Q1,0
Cashfree Payments,2023,2023Q1,100
Casper,2020,2020Q2,78
Casper,2021,2021Q3,0
Castlight Health,2020,2020Q2,0
Catalant,2020,2020Q1,30
Catalyst,2022,2022Q3,0
Catch,2023,2023Q1,0
Catch.com.au,2023,2023Q1,100
Cazoo,2022,2022Q2,1500
Cazoo,2023,2023Q1,0
Cedar,2022,2022Q3,0
Cellulant,2023,2023Q3,0
Celsius,2022,2022Q3,150
Center,2024,2024Q3,8
Centr,2023,2023Q3,22
Century Therapeutics,2023,2023Q1,0
Cerebral,2022,2022Q2,0
Cerebral,2022,2022Q4,400
Cerebral,2023,2023Q1,285
Cerner,2023,2023Q2,3000
Certinia,2024,2024Q1,0
Chainalysis,2023,2023Q1,44
Chainalysis,2023,2023Q4,150
Change Invest,2022,2022Q4,0
Change.org,2022,2022Q3,0
Character.ai,2024,2024Q3,6
ChargePoint,2023,2023Q3,0
ChargePoint,2024,2024Q1,0
ChargePoint,2024,2024Q3,250
Chargebee,2022,2022Q4,142
Chargebee,2023,2023Q3,100
Checkmarx,2020,2020Q2,0
Checkmarx,2022,2022Q4,100
Checkout.com,2022,2022Q3,100
Checkout.com,2023,2023Q2,0
Checkout.com,2023,2023Q4,80
Checkr,2020,2020Q3,64
Checkr,2024,2024Q2,382
Cheddar,2020,2020Q2,0
Cheetah,2020,2020Q4,0
Chef,2020,2020Q4,0
Chegg,2023,2023Q2,80
Chegg,2024,2024Q2,441
Chessable,2022,2022Q3,29
Chewy,2023,2023Q4,200
Chia Network,2023,2023Q4,26
Chief,2023,2023Q2,43
Chief,2024,2024Q1,0
Chili Piper,2022,2022Q4,58
Chime,2022,2022Q4,156
Chingari,2023,2023Q2,48
Chingari,2023,2023Q3,0
Chipax,2022,2022Q4,0
Chipper Cash,2022,2022Q4,50
Chipper Cash,2023,2023Q1,100
Chipper Cash,2023,2023Q4,15
Chipper Cash,2024,2024Q1,20
Chope,2022,2022Q4,65
ChowNow,2022,2022Q3,100
ChowNow,2022,2022Q4,40
ChowNow,2024,2024Q1,60
Chrono24,2022,2022Q4,80
Chrono24,2023,2023Q1,65
Cimpress,2023,2023Q1,500
Cin7,2023,2023Q2,0
Cint,2024,2024Q3,0
CipherTrace,2020,2020Q2,0
Circ,2020,2020Q2,100
Circle,2023,2023Q3,0
CircleCI,2022,2022Q4,0
CircleCI,2023,2023Q3,0
CircleCI,2024,2024Q1,100
CircleUp,2022,2022Q3,0
Circles.Life,2023,2023Q3,0
Circulo Health,2022,2022Q2,0
Circus Kitchens,2023,2023Q2,35
Cisco,2022,2022Q4,4100
Cisco,2023,2023Q3,350
Cisco,2024,2024Q1,4250
Cisco,2024,2024Q3,5600
Citizen,2023,2023Q1,33
Citrine Informatics,2023,2023Q1,22
Citrix,2023,2023Q1,0
Citrix,2024,2024Q1,1000
CityMall,2022,2022Q2,191
CityMall,2023,2023Q4,90
Cityblock Health,2023,2023Q2,155
Claravine,2020,2020Q1,0
Clari,2022,2022Q3,45
Clari,2023,2023Q1,20
Clarify Health,2022,2022Q3,15
ClassPass,2020,2020Q2,154
Classkick,2022,2022Q3,0
Clear,2022,2022Q3,190
Clear Capital,2022,2022Q4,378
Clear Capital,2023,2023Q1,250
ClearCo,2023,2023Q1,50
ClearPay,2023,2023Q2,0
Clearbanc,2020,2020Q2,17
Clearbit,2020,2020Q2,0
Clearbit,2023,2023Q2,0
Clearco,2022,2022Q2,60
Clearco,2022,2022Q3,125
Clearcover,2023,2023Q2,81
Clearcover,2023,2023Q3,0
Clever Real Estate,2020,2020Q1,0
Clever Real Estate,2022,2022Q4,0
CleverTap,2020,2020Q2,60
ClickUp,2022,2022Q2,60
ClickUp,2023,2023Q2,90
Clinc,2020,2020Q2,40
Clockwork,2023,2023Q3,0
CloudFactory,2022,2022Q4,0
CloudKitchens,2022,2022Q4,0
CloudKitchens,2023,2023Q4,0
CloudTrucks,2023,2023Q2,0
Cloudera,2020,2020Q2,0
Cloudflare,2024,2024Q1,40
Cloudinary,2022,2022Q4,40
Clubhouse,2022,2022Q2,0
Clubhouse,2023,2023Q2,0
Clue,2023,2023Q1,31
Clumio,2021,2021Q1,0
Clutch,2022,2022Q2,76
Clutch,2023,2023Q1,150
Clutter,2020,2020Q1,0
Clyde,2022,2022Q2,22
CoLab,2023,2023Q2,0
CoRover,2024,2024Q2,0
CoSchedule,2023,2023Q1,0
CoachHub,2023,2023Q1,0
CoachHub,2023,2023Q2,0
Coda,2023,2023Q1,0
Code42,2020,2020Q2,25
Code42,2022,2022Q4,0
Code42,2023,2023Q3,0
CodeClan,2023,2023Q3,57
CodeCombat,2020,2020Q4,8
CodeSee,2024,2024Q1,0
Codexis,2022,2022Q4,0
Coding Dojo,2020,2020Q2,7
Cogito,2020,2020Q2,24
Cogito,2023,2023Q2,177
Cognyte,2022,2022Q4,100
Cohere,2024,2024Q3,20
Coherent,2023,2023Q1,108
Coherent,2023,2023Q2,196
Cohesity,2020,2020Q2,0
Cohesity,2023,2023Q2,0
CoinDCX,2023,2023Q1,80
CoinDCX,2023,2023Q3,0
CoinDesk,2023,2023Q3,0
CoinFLEX,2022,2022Q3,0
CoinJar,2022,2022Q4,10
CoinSwitch,2023,2023Q3,44
CoinTracker,2023,2023Q1,19
Coinbase,2022,2022Q2,1100
Coinbase,2022,2022Q4,60
Coinbase,2023,2023Q1,950
Coinsquare,2022,2022Q3,30
Collage.com,2022,2022Q4,0
Collective Health,2023,2023Q1,54
Collibra,2022,2022Q4,0
Color Health,2023,2023Q1,300
Colossus,2022,2022Q2,97
CommentSold,2022,2022Q2,0
CommerceHub,2023,2023Q1,371
CommonBond,2022,2022Q2,22
CommonBond,2022,2022Q3,0
Community,2022,2022Q2,40
Community Gaming,2023,2023Q2,17
Commure,2023,2023Q4,0
Comparis,2023,2023Q1,0
Compass,2020,2020Q1,375
Compass,2022,2022Q2,450
Compass,2022,2022Q3,271
Compass,2023,2023Q1,0
Compete,2022,2022Q3,11
ComplYant,2024,2024Q2,0
Confluent,2023,2023Q1,221
Conga,2020,2020Q2,0
ConnectRN,2023,2023Q3,0
ConnectWise,2024,2024Q2,0
Connected,2020,2020Q2,17
ConnectedH,2023,2023Q3,0
ConsenSys,2020,2020Q2,91
ConsenSys,2023,2023Q1,100
Consider.co,2020,2020Q1,13
ContaAzul,2020,2020Q2,140
Contentful,2023,2023Q4,0
ContraFect,2022,2022Q3,16
Convene,2020,2020Q1,150
Convene,2022,2022Q4,0
Convoy,2020,2020Q2,0
Convoy,2022,2022Q2,90
Convoy,2022,2022Q4,0
Convoy,2023,2023Q1,0
Convoy,2023,2023Q2,30
Convoy,2023,2023Q4,500
Cookpad,2023,2023Q1,80
Copia,2023,2023Q3,350
Copia,2024,2024Q2,1060
Copper,2020,2020Q2,35
Copper,2023,2023Q1,0
Core Scientific,2022,2022Q3,0
Cornershop,2023,2023Q2,250
Cornershop,2024,2024Q2,200
Corvus Insurance,2023,2023Q1,0
Cosuno,2022,2022Q3,0
Coterie Insurance,2022,2022Q2,30
Coupa,2023,2023Q2,0
Course Hero,2023,2023Q1,42
Course Hero,2023,2023Q4,0
Coursera,2022,2022Q4,0
Cova,2024,2024Q1,0
CoverMyMeds,2023,2023Q1,800
Cowbell,2023,2023Q3,28
Crayon,2020,2020Q2,20
CreateMe,2023,2023Q1,0
Credit Sesame,2020,2020Q2,22
Creditas,2020,2020Q2,0
Crehana,2022,2022Q2,0
Crejo.Fun,2022,2022Q2,170
Criteo,2023,2023Q1,0
Criteo,2024,2024Q2,140
Crossbeam,2023,2023Q1,17
CrowdRiff,2020,2020Q2,0
CrowdStreet,2020,2020Q2,24
Cruise,2020,2020Q2,150
Cruise,2023,2023Q4,900
Crunchbase,2023,2023Q3,0
Crunchyroll,2023,2023Q1,85
Crypto.com,2022,2022Q2,260
Crypto.com,2022,2022Q3,0
Crypto.com,2022,2022Q4,2000
Crypto.com,2023,2023Q1,0
Cue,2022,2022Q2,170
Cue,2023,2023Q1,388
Cue Health,2023,2023Q2,326
Cue Health,2024,2024Q1,339
Cue Health,2024,2024Q2,410
Cuemath,2023,2023Q2,100
Cuemath,2023,2023Q3,100
Cult.fit,2024,2024Q1,100
Culture Amp,2020,2020Q2,36
Culture Amp,2023,2023Q2,90
Culture Trip,2020,2020Q2,95
Curalie,2023,2023Q4,0
Curative,2022,2022Q3,109
Curbio,2023,2023Q4,0
Cure.fit,2024,2024Q1,120
Curefit,2020,2020Q2,800
Curefit,2020,2020Q3,120
Curology,2022,2022Q1,150
Currency,2020,2020Q2,0
Curve,2022,2022Q2,65
Cuyana,2020,2020Q1,0
Cvent,2020,2020Q2,400
CyCognito,2022,2022Q4,30
CyberCube,2022,2022Q2,0
CyberGRX,2023,2023Q3,0
CyberProof,2024,2024Q3,0
Cybereason,2022,2022Q2,100
Cybereason,2022,2022Q4,200
Cybereason,2024,2024Q1,0
Cypress.io,2023,2023Q1,0
Cypress.io,2024,2024Q2,11
Cyren,2023,2023Q1,121
Cyteir Therapeutics,2023,2023Q1,0
D2L,2022,2022Q4,0
D2iQ,2020,2020Q2,34
D2iQ,2023,2023Q4,0
DHI Group,2023,2023Q2,53
DICE,2023,2023Q3,0
DISCO,2020,2020Q1,75
DJI,2020,2020Q3,0
DJI,2021,2021Q1,0
DSCO,2020,2020Q2,12
DUX Education,2023,2023Q1,0
Daily Harvest,2022,2022Q1,60
Daily Harvest,2022,2022Q3,0
DailyPay,2022,2022Q3,0
Daloopa,2022,2022Q2,40
Dance,2022,2022Q4,0
Daniel Wellington,2022,2022Q2,200
Dapper Labs,2022,2022Q4,134
Dapper Labs,2023,2023Q1,0
Dapper Labs,2023,2023Q3,51
Daraz,2023,2023Q1,0
Daraz,2024,2024Q1,0
Dare,2023,2023Q4,0
Dark,2020,2020Q2,6
Dash,2023,2023Q4,0
Dastgyr,2024,2024Q1,0
DataRails,2022,2022Q4,30
DataRobot,2020,2020Q1,200
DataRobot,2022,2022Q2,70
DataRobot,2022,2022Q3,0
DataStax,2020,2020Q2,15
Datagen,2023,2023Q3,0
Dataminr,2023,2023Q4,150
Datera,2020,2020Q2,0
Datree,2023,2023Q3,0
Datto,2020,2020Q2,0
DayTwo,2022,2022Q3,0
DayTwo,2023,2023Q3,0
DayTwo,2024,2024Q3,0
Daylight,2023,2023Q2,0
Dazn,2022,2022Q2,50
DeHaat,2022,2022Q3,0
DeHaat,2023,2023Q1,0
Deadspin,2024,2024Q1,11
DealShare,2023,2023Q1,100
DealShare,2023,2023Q3,130
Dealtale,2023,2023Q3,70
Decent,2023,2023Q1,0
Deep Instict,2023,2023Q3,46
Deep Instinct,2022,2022Q2,0
DeepVerge,2023,2023Q3,50
Deepgram,2023,2023Q4,20
Deepwatch,2023,2023Q3,30
Defined.ai,2022,2022Q1,0
Definitive Healthcare,2023,2023Q1,55
Degreed,2022,2022Q2,0
Degreed,2023,2023Q3,0
Deliv,2020,2020Q2,669
Deliveroo,2020,2020Q2,367
Deliveroo,2023,2023Q1,350
Deliveroo Australia,2022,2022Q4,120
Delivery Hero,2021,2021Q4,300
Delivery Hero,2022,2022Q4,100
Delivery Hero,2023,2023Q1,156
Delivery Hero,2023,2023Q4,0
Delivery Hero,2024,2024Q3,200
Dell,2023,2023Q1,6650
Dell,2023,2023Q3,0
Dell,2024,2024Q1,6000
Dell,2024,2024Q3,0
Demandbase,2022,2022Q3,27
Deputy,2020,2020Q2,60
Descartes Labs,2020,2020Q2,12
Desktop Metal,2020,2020Q2,0
Desktop Metal,2022,2022Q2,0
Desktop Metal,2023,2023Q1,0
Desktop Metal,2024,2024Q1,0
Detectify,2022,2022Q4,0
Detectify,2023,2023Q3,30
Devo,2022,2022Q4,0
Dextrous Robotics,2024,2024Q1,0
DialSource,2020,2020Q1,5
Digimarc,2023,2023Q1,0
Digital Currency Gruop,2022,2022Q4,10
Digital Surge,2022,2022Q4,0
DigitalOcean,2023,2023Q1,200
Discord,2023,2023Q3,37
Discord,2024,2024Q1,170
Dispatch,2020,2020Q2,0
DispatchHealth,2024,2024Q1,88
Divergent 3D,2020,2020Q2,57
Divvy,2020,2020Q2,0
Divvy Homes,2020,2020Q1,0
Divvy Homes,2022,2022Q3,40
Divvy Homes,2023,2023Q1,0
Divvy Homes,2023,2023Q3,94
Dock,2022,2022Q4,190
Docly,2020,2020Q3,8
DocuSign,2022,2022Q3,671
DocuSign,2023,2023Q1,680
DocuSign,2024,2024Q1,440
Doma,2022,2022Q2,310
Doma,2022,2022Q3,250
Doma,2022,2022Q4,515
Domestika,2022,2022Q2,150
Domestika,2023,2023Q1,89
Domino Data Lab,2022,2022Q4,0
Domio,2020,2020Q1,0
Domio,2020,2020Q4,0
Domo,2020,2020Q2,90
Domo,2023,2023Q4,0
Dooly,2022,2022Q3,12
DoorDash,2022,2022Q4,1250
Dotscience,2020,2020Q2,10
DoubleCloud,2024,2024Q3,0
Doubtnut,2022,2022Q4,0
Dover,2022,2022Q3,23
Doximity,2023,2023Q3,100
Dozee,2024,2024Q3,40
DraftKings,2023,2023Q1,140
Dragos,2023,2023Q2,50
Drata,2024,2024Q3,40
DreamBox Learning,2022,2022Q3,0
Drift,2023,2023Q1,59
Drift,2023,2023Q3,100
Drip,2020,2020Q1,20
Drip Capital,2023,2023Q2,75
DriveWealth,2023,2023Q1,0
Drizly,2023,2023Q1,100
Drizly,2024,2024Q1,168
DroneUp,2023,2023Q2,0
Drop,2022,2022Q4,24
Dropbox,2021,2021Q1,315
Dropbox,2023,2023Q2,500
Dropp,2023,2023Q1,60
Duck Creek Technologies,2023,2023Q3,0
Dude Solutions,2020,2020Q2,0
Dukaan,2022,2022Q4,23
Dukaan,2023,2023Q1,56
Dukaan,2023,2023Q3,0
Dunzo,2023,2023Q1,0
Dunzo,2023,2023Q2,300
Dunzo,2023,2023Q3,150
Dunzo,2024,2024Q3,150
Dutchie,2022,2022Q2,50
DwellWell,2023,2023Q4,0
Dynamic Signal,2020,2020Q2,35
EMX Digital,2023,2023Q1,100
EQRx,2023,2023Q1,0
EVBox,2024,2024Q1,0
EVgo,2023,2023Q1,40
Earnin,2020,2020Q2,50
Earnix,2023,2023Q2,30
Earth Rides,2023,2023Q1,0
Easee,2023,2023Q3,200
EasyPost,2020,2020Q1,75
EasyPost,2020,2020Q2,50
Eat Just,2023,2023Q1,40
Eat Just,2023,2023Q3,40
Eatsy,2020,2020Q3,20
Eaze,2022,2022Q2,25
Eaze,2024,2024Q4,500
Ebanx,2020,2020Q2,62
Ebanx,2022,2022Q2,340
Ecobee,2020,2020Q1,47
Eden / Managed By Q,2020,2020Q2,40
Edgio,2022,2022Q4,95
Edgio,2023,2023Q2,134
Edgio,2024,2024Q1,80
Edifecs,2023,2023Q1,30
Editas Medicine,2023,2023Q1,0
Edmodo,2022,2022Q3,0
Eight Sleep,2020,2020Q1,0
Eightfold AI,2023,2023Q1,90
Ejento,2020,2020Q1,84
Elastic,2022,2022Q4,0
Electric,2022,2022Q3,81
Electric,2023,2023Q1,141
Electronic Arts,2023,2023Q1,980
Electronic Arts,2024,2024Q1,670
Element,2022,2022Q4,0
Element AI,2020,2020Q2,62
Element Analytics,2020,2020Q1,10
Elementor,2022,2022Q2,60
Elemy,2022,2022Q3,0
Elemy,2022,2022Q4,0
Elinvar,2022,2022Q4,43
Elliptic,2020,2020Q2,0
Embark Trucks,2023,2023Q1,230
Embark Vet,2023,2023Q1,41
Embark Vet,2023,2023Q2,28
Embrace,2023,2023Q3,0
Embroker,2022,2022Q4,30
Emitwise,2022,2022Q4,0
Emma Sleep,2024,2024Q2,200
Emotive,2022,2022Q3,30
Endowus,2023,2023Q1,0
Engine eCommerce,2020,2020Q2,0
Enjoei,2023,2023Q1,31
Enjoy,2022,2022Q2,400
Enovix,2023,2023Q4,185
Enovix,2024,2024Q2,170
Enphase Energy,2023,2023Q4,350
Envato,2022,2022Q2,100
Envoy,2020,2020Q2,58
Epic Games,2023,2023Q3,870
EquityZen,2022,2022Q4,30
Equitybee,2022,2022Q4,25
Equitybee,2023,2023Q1,24
Ericsson,2023,2023Q1,8500
Ermetic,2023,2023Q1,30
Eroad,2023,2023Q3,200
Eruditus,2022,2022Q2,40
Esme Learning,2022,2022Q2,0
Esper,2022,2022Q2,0
Esper,2023,2023Q1,0
Etermax,2022,2022Q4,40
Ethos Life,2020,2020Q2,18
Ethos Life,2022,2022Q2,40
Ethos Life,2023,2023Q1,50
Etsy,2023,2023Q4,225
Eucalyptus,2022,2022Q3,50
Euler Motors,2023,2023Q2,0
Eurora,2023,2023Q3,111
Eventbrite,2020,2020Q2,500
Eventbrite,2023,2023Q1,80
Eventbrite,2024,2024Q3,100
Eventus,2023,2023Q2,0
EverBridge,2022,2022Q4,200
EverC,2024,2024Q3,16
Everlane,2020,2020Q1,227
Everlane,2023,2023Q1,30
Everlaw,2023,2023Q2,0
Everledger,2023,2023Q2,0
Evernote,2023,2023Q1,129
Evernote,2023,2023Q3,0
Everquote,2023,2023Q3,100
Everybuddy,2024,2024Q1,0
Evolve,2023,2023Q2,164
Evolve,2023,2023Q3,175
Exabeam,2023,2023Q4,0
Examedi,2023,2023Q2,45
Exodus,2022,2022Q4,59
Exotel,2023,2023Q1,142
Expedia,2023,2023Q1,0
Expedia,2023,2023Q3,0
Expedia,2023,2023Q4,100
Expedia,2024,2024Q1,1500
Expedia,2024,2024Q2,0
Expel,2023,2023Q2,60
Expert360,2022,2022Q3,7
Exterro,2023,2023Q1,24
ExtraHop,2020,2020Q2,0
ExtraHop,2022,2022Q4,0
Extramarks,2023,2023Q2,300
Eyowo,2023,2023Q2,0
Ezoic,2022,2022Q4,35
Ezoic,2023,2023Q1,10
Ezoic,2023,2023Q3,0
F5,2022,2022Q4,100
F5,2023,2023Q2,623
F5,2023,2023Q4,120
F5,2024,2024Q3,0
FNZ,2023,2023Q3,1000
FabHotels,2020,2020Q1,80
Fable,2023,2023Q3,13
Fabric,2022,2022Q3,120
Fabric,2024,2024Q2,30
Facily,2022,2022Q2,260
Factorial,2023,2023Q3,20
Faire,2022,2022Q4,84
Faire,2023,2023Q4,250
FamPay,2023,2023Q2,0
FamPay,2023,2023Q3,18
FanClash,2023,2023Q1,100
Fandom,2020,2020Q2,0
Fandom,2023,2023Q1,0
FarEye,2022,2022Q2,250
FarEye,2023,2023Q1,90
Fareportal,2020,2020Q1,200
Farfetch,2024,2024Q1,2000
Fashinza,2024,2024Q1,0
Fast,2022,2022Q2,0
Fastly,2024,2024Q3,0
Fate Therapeutics,2023,2023Q1,315
Favo,2022,2022Q2,170
Faze Medicines,2022,2022Q4,0
Feather,2022,2022Q2,0
Feedzai,2023,2023Q1,0
FemTech Health,2023,2023Q2,0
Fetch,2023,2023Q1,100
Fi.Money,2023,2023Q3,30
Fifth Season,2022,2022Q4,100
Figure,2023,2023Q3,90
Filevine,2022,2022Q4,0
Filmic,2023,2023Q4,0
Finastra,2023,2023Q1,0
Finastra,2023,2023Q3,0
Finder,2023,2023Q1,0
Finder,2023,2023Q2,40
Finder,2024,2024Q1,60
Finite State,2022,2022Q2,16
Finleap Connect,2022,2022Q2,14
FintechOS,2023,2023Q4,0
Fipola,2023,2023Q1,0
FireHydrant,2022,2022Q4,0
Fireblocks,2023,2023Q1,30
Fireblocks,2024,2024Q1,20
Firebolt,2022,2022Q3,0
Firework,2022,2022Q4,0
First AML,2022,2022Q4,0
First Mode,2024,2024Q1,48
FiscalNote,2020,2020Q2,30
Fishbrain,2023,2023Q1,0
Fisker,2024,2024Q1,0
Fisker,2024,2024Q2,0
Fission,2024,2024Q2,0
Fit Analytics,2023,2023Q3,0
Fittr,2023,2023Q1,30
Five9,2024,2024Q3,190
Fiverr,2022,2022Q3,60
Fivetran,2022,2022Q4,0
Flash Coffee,2022,2022Q4,0
Flatiron Health,2023,2023Q2,39
Flatiron School,2020,2020Q2,100
Flex,2023,2023Q4,31
FlexCar,2023,2023Q3,20
Flexe,2023,2023Q3,131
Flexe,2024,2024Q1,99
Flexport,2023,2023Q1,640
Flexport,2023,2023Q4,0
Flexport,2024,2024Q1,0
Flexport,2024,2024Q4,0
FlightStats,2024,2024Q2,73
Flink,2023,2023Q2,8100
Flipboard,2022,2022Q4,24
Flipkart,2023,2023Q1,0
Flipkart,2024,2024Q1,1100
FloQast,2020,2020Q2,0
Flock Freight,2023,2023Q2,45
Flock Freight,2024,2024Q1,54
Flockjay,2021,2021Q3,37
Flowhub,2022,2022Q3,0
Flowr,2020,2020Q1,0
Fluke,2022,2022Q3,83
Flutterwave,2024,2024Q2,30
Flux Systems,2022,2022Q4,0
Fly.io,2024,2024Q3,40
Flyhomes,2022,2022Q3,200
Flyhomes,2022,2022Q4,300
Flyhomes,2023,2023Q2,0
Flyhomes,2023,2023Q4,0
Flymya,2020,2020Q2,200
Flynote,2020,2020Q2,0
Flytedesk,2020,2020Q1,4
Flywheel Sports,2020,2020Q1,784
Flywire,2020,2020Q2,60
Food52,2020,2020Q2,0
Food52,2022,2022Q2,41
Foodpanda,2022,2022Q2,80
Foodpanda,2022,2022Q3,60
Foodpanda,2023,2023Q1,0
Foodpanda,2023,2023Q3,0
Foodsby,2020,2020Q1,87
ForeScout,2023,2023Q1,100
ForeScout,2023,2023Q3,40
Foresight Insurance,2022,2022Q4,0
ForgeRock,2023,2023Q4,109
Form Energy,2024,2024Q1,0
Forma.ai,2022,2022Q3,15
Formlabs,2024,2024Q3,0
Formstack,2023,2023Q2,0
Fortinet,2023,2023Q3,0
Forto,2022,2022Q4,60
Forward,2020,2020Q2,10
Forward,2022,2022Q3,0
Foundation Medicine,2023,2023Q2,135
FourKites,2022,2022Q3,60
FourKites,2023,2023Q4,0
Foursquare,2024,2024Q2,105
Foxtrot,2022,2022Q3,26
Fraazo,2022,2022Q3,150
Fractal Software,2023,2023Q2,0
Freenome,2024,2024Q2,100
Freetrade,2022,2022Q2,45
FreightWaves,2024,2024Q3,16
Freightos,2023,2023Q3,50
Frequency Therapeutics,2023,2023Q1,0
FreshBooks,2022,2022Q4,0
FreshBooks,2023,2023Q1,80
FreshBooks,2023,2023Q4,0
FreshBooks,2024,2024Q4,140
FreshDirect,2022,2022Q3,40
FreshDirect,2024,2024Q1,100
Freshbooks,2020,2020Q2,38
Freshly,2022,2022Q3,0
Freshly,2022,2022Q4,329
Freshworks,2022,2022Q4,90
Freshworks,2023,2023Q1,114
Freshworks,2023,2023Q2,0
Friday Health Plans,2023,2023Q2,0
Front,2022,2022Q3,0
FrontRow,2022,2022Q2,145
FrontRow,2022,2022Q4,130
FrontRow,2023,2023Q2,0
FrontRow,2023,2023Q3,0
Frontdesk,2020,2020Q2,35
Frontdesk,2024,2024Q1,200
Frubana,2022,2022Q2,0
FuboTV,2022,2022Q3,0
FullStory,2020,2020Q2,0
FullStory,2022,2022Q3,0
FullStory,2024,2024Q1,50
Fundbox,2020,2020Q2,14
Fundbox,2022,2022Q4,150
Funding Circle,2020,2020Q3,85
Funding Circle,2024,2024Q2,0
Funding Societies,2020,2020Q2,65
Fungible,2022,2022Q3,0
Furlenco,2022,2022Q1,180
FutureLearn,2022,2022Q4,0
Fuzzy,2023,2023Q2,0
G/O Media Group,2020,2020Q2,14
G2,2020,2020Q2,17
GAMURS Group,2023,2023Q1,0
GOAT Group,2020,2020Q2,0
GSR,2022,2022Q4,0
Gated,2023,2023Q3,0
Gather,2022,2022Q2,30
Gatherly,2022,2022Q3,0
Gavelytics,2022,2022Q2,0
Geekwire,2020,2020Q2,5
Gem,2022,2022Q4,100
Gem,2023,2023Q3,70
Gemini,2022,2022Q2,100
Gemini,2022,2022Q3,68
Gemini,2023,2023Q1,0
Genesis,2022,2022Q3,52
Genesis,2023,2023Q1,60
Genius,2021,2021Q3,0
Genome Medical,2022,2022Q3,23
GetNinjas,2020,2020Q2,11
GetYourGuide,2020,2020Q4,90
Getaround,2020,2020Q1,100
Getaround,2023,2023Q1,0
Getaround,2024,2024Q1,0
Getir,2022,2022Q2,0
Getir,2023,2023Q1,100
Getir,2023,2023Q3,2500
Getir,2024,2024Q2,3300
Getta,2022,2022Q2,30
Ghost Autonomy,2024,2024Q2,100
Ginkgo Bioworks,2024,2024Q2,400
GitHub,2023,2023Q1,0
GitLab,2023,2023Q1,130
Gitpod,2023,2023Q1,21
Give Legacy,2022,2022Q2,0
Glamyo Health,2023,2023Q2,160
Glassbox,2023,2023Q2,0
Glassdoor,2020,2020Q2,300
Glassdoor,2023,2023Q1,140
Glean AI,2023,2023Q2,5
Glints,2022,2022Q4,198
Glisser,2023,2023Q1,25
Glitch,2020,2020Q2,18
Gloat,2023,2023Q2,35
GloriFi,2022,2022Q4,0
Glossier,2020,2020Q3,150
Glossier,2022,2022Q1,80
Glossier,2022,2022Q3,19
Glovo,2023,2023Q1,390
Glovo,2024,2024Q2,47
Glowforge,2023,2023Q4,30
Glowforge,2024,2024Q1,0
GoBear,2020,2020Q3,22
GoBolt,2023,2023Q1,55
GoCanvas,2023,2023Q1,0
GoCardless,2020,2020Q2,0
GoCardless,2023,2023Q2,150
GoDaddy,2020,2020Q2,451
GoDaddy,2023,2023Q1,530
GoFundMe,2022,2022Q4,94
GoHealth,2022,2022Q3,800
GoMechanic,2023,2023Q1,0
GoNuts,2022,2022Q4,0
GoPro,2020,2020Q2,200
GoPro,2024,2024Q1,0
GoPro,2024,2024Q3,139
GoSpotCheck,2020,2020Q1,23
GoStudent,2022,2022Q3,200
GoStudent,2022,2022Q4,100
GoStudent,2024,2024Q1,100
GoTo,2024,2024Q1,29
GoTo Group,2022,2022Q4,1300
GoTo Group,2023,2023Q1,600
Gojek,2020,2020Q2,430
Gokada,2022,2022Q4,20
Gokada,2023,2023Q1,54
Gong,2023,2023Q1,80
GoodGood,2022,2022Q4,0
GoodRx,2022,2022Q3,140
GoodWorker,2023,2023Q1,0
Goodfood,2022,2022Q2,70
Google,2023,2023Q1,12000
Google,2023,2023Q3,75
Google,2023,2023Q4,40
Google,2024,2024Q1,1000
Google,2024,2024Q2,357
Goop,2024,2024Q3,39
Gopuff,2022,2022Q1,550
Gopuff,2022,2022Q3,1500
Gopuff,2022,2022Q4,250
Gopuff,2023,2023Q1,100
Gopuff,2024,2024Q2,0
Gorillas,2022,2022Q2,300
Gorillas,2022,2022Q3,540
Gousto,2022,2022Q4,0
Grab,2020,2020Q2,360
Grab,2023,2023Q2,1000
GrabCAD,2024,2024Q1,13
Grabango,2023,2023Q3,34
Grail,2024,2024Q3,350
Grailed,2020,2020Q2,0
Grammarly,2024,2024Q1,230
Gramophone,2023,2023Q1,75
Graphcore,2022,2022Q3,0
Graphcore,2023,2023Q1,0
Graphy,2023,2023Q4,50
GrayMeta,2020,2020Q1,20
Green Labs,2023,2023Q1,350
Greenhouse,2020,2020Q2,120
Greenhouse,2023,2023Q2,100
Greenikk,2024,2024Q3,0
Greenlight,2023,2023Q1,104
Grin,2022,2022Q4,60
Grin,2023,2023Q1,0
Grin,2024,2024Q2,0
Gro Intelligence,2024,2024Q1,110
Gro Intelligence,2024,2024Q2,0
Group Nine Media,2020,2020Q2,50
Groupon,2020,2020Q2,2800
Groupon,2022,2022Q3,500
Groupon,2023,2023Q1,500
Grove Collaborative,2022,2022Q1,0
Grover,2022,2022Q4,40
Grubhub,2023,2023Q2,400
Guardant Health,2023,2023Q1,130
Guideline,2023,2023Q2,48
Guidewire,2022,2022Q3,0
Guild,2023,2023Q2,172
Guild,2024,2024Q2,300
GumGum,2020,2020Q2,90
Gupy,2023,2023Q3,58
Gusto,2023,2023Q1,126
Gympass,2020,2020Q2,467
HOOQ,2020,2020Q1,250
HP,2023,2023Q1,100
HackerEarth,2023,2023Q1,0
HackerOne,2023,2023Q3,0
HackerRank,2023,2023Q3,53
Halcyon Health,2022,2022Q2,0
Halodoc,2023,2023Q4,0
Handshake,2020,2020Q2,0
Happay,2023,2023Q2,160
Happy Money,2022,2022Q4,158
Harappa,2023,2023Q1,60
Hash,2022,2022Q3,58
HashiCorp,2023,2023Q1,69
HashiCorp,2023,2023Q2,0
Haus,2022,2022Q3,0
Haven Technologies,2023,2023Q2,280
Havenly,2020,2020Q3,5
Headspace,2022,2022Q4,50
Headspace,2023,2023Q2,181
Health IQ,2022,2022Q4,0
HealthMatch,2022,2022Q2,18
Healthcare.com,2022,2022Q3,149
HealthifyMe,2022,2022Q4,150
HealthifyMe,2024,2024Q2,150
Healthy.io,2023,2023Q2,70
Healthy.io,2024,2024Q3,40
Hedvig,2022,2022Q3,12
HelloFresh,2022,2022Q4,611
Help Scout,2022,2022Q4,0
Help.com,2020,2020Q1,16
Her Campus Media,2020,2020Q2,10
Here,2024,2024Q1,0
Heroes,2022,2022Q3,24
Heureka Group,2024,2024Q2,100
Heycar,2023,2023Q1,73
Heygo,2023,2023Q2,0
Hibob,2020,2020Q1,70
HighRadius,2022,2022Q4,25
Highsnobiety,2020,2020Q2,51
Highsnobiety,2023,2023Q3,24
Highspot,2023,2023Q1,100
Highspot,2023,2023Q2,140
Hijra,2023,2023Q3,0
Hike,2023,2023Q3,55
Hinge Health,2024,2024Q2,0
Hipcamp,2020,2020Q2,0
Hippo Insurance,2022,2022Q3,70
Hippo Insurance,2023,2023Q4,120
Hirect,2022,2022Q4,200
Hired,2020,2020Q2,0
Hireology,2020,2020Q2,36
Hodinkee,2023,2023Q3,24
Hodlnaut,2022,2022Q3,40
Hologram,2022,2022Q2,80
Hologram,2024,2024Q1,0
HomeLane,2023,2023Q1,30
HomeLight,2022,2022Q2,0
Homebot,2022,2022Q4,18
Homebound,2022,2022Q4,0
Homeday,2023,2023Q3,40
Homepoint,2022,2022Q4,113
Hometap,2023,2023Q1,0
Homeward,2022,2022Q3,0
Homeward,2022,2022Q4,0
Homie,2022,2022Q1,119
Homie,2022,2022Q4,40
Homie,2023,2023Q4,0
Homie,2024,2024Q2,0
Homology,2023,2023Q3,0
Honor,2023,2023Q2,0
Hooray Foods,2023,2023Q3,0
Hootsuite,2022,2022Q3,400
Hootsuite,2022,2022Q4,50
Hootsuite,2023,2023Q1,70
HopSkipDrive,2020,2020Q1,8
HopSkipDrive,2020,2020Q3,0
Hopin,2022,2022Q1,138
Hopin,2022,2022Q3,242
Hopin,2022,2022Q4,0
Hopin,2024,2024Q2,0
Hopper,2020,2020Q2,0
Hopper,2023,2023Q4,250
Horizn Studios,2020,2020Q2,15
Hotmart,2022,2022Q4,227
Houzz,2020,2020Q2,155
Houzz,2022,2022Q4,95
Hoxhunt,2023,2023Q1,0
Huawei,2022,2022Q4,0
HubHaus,2020,2020Q3,0
HubSpot,2023,2023Q1,500
HubSpot,2024,2024Q1,0
Hubba,2021,2021Q1,45
Hubilo,2022,2022Q3,45
Hubilo,2023,2023Q1,115
Hubilo,2023,2023Q4,50
HuffPo,2021,2021Q1,47
Hulu,2023,2023Q1,200
Huma,2023,2023Q3,45
HumanForest,2020,2020Q3,0
Humane,2024,2024Q1,10
Humble,2022,2022Q2,10
Humble Games,2024,2024Q3,36
Humu,2020,2020Q2,26
Hunty,2022,2022Q2,30
Huobi,2022,2022Q2,300
Huobi,2023,2023Q1,275
Huuuge Games,2023,2023Q1,0
Hydrow,2022,2022Q3,0
Hydrow,2023,2023Q1,30
Hyland Software,2023,2023Q2,1000
Hypefast,2023,2023Q3,0
Hyperloop One,2023,2023Q4,0
Hyperscience,2022,2022Q1,100
IAC,2024,2024Q1,330
IAM Robotics,2023,2023Q1,0
IBM,2023,2023Q1,3900
IBM,2023,2023Q3,0
IBM,2024,2024Q1,0
IBM,2024,2024Q3,1000
ICANN,2024,2024Q2,33
ID.me,2022,2022Q2,130
IRL,2022,2022Q2,25
IRL,2023,2023Q2,0
Ibotta,2020,2020Q2,87
Icertis,2023,2023Q1,0
Icon,2023,2023Q1,0
Identiq,2024,2024Q2,20
Ideoclick,2022,2022Q2,40
Iflix,2020,2020Q2,50
Igenous,2020,2020Q4,0
Ignite,2022,2022Q3,0
Ignition,2023,2023Q1,0
Ike,2020,2020Q2,10
Illumina,2022,2022Q4,500
Illumina,2023,2023Q2,0
Illumina,2023,2023Q3,151
Illumina,2024,2024Q1,111
Immersive Labs,2022,2022Q3,38
Immutable,2022,2022Q3,20
Immutable,2023,2023Q1,0
Impact.com,2022,2022Q3,0
Impact.com,2024,2024Q1,40
Impala,2022,2022Q2,30
Imperfect Foods,2021,2021Q3,0
Imperfect Foods,2022,2022Q3,50
Impinj,2024,2024Q1,50
Impossible Foods,2022,2022Q4,50
Impossible Foods copy,2023,2023Q1,140
Improbable,2022,2022Q4,0
InDebted,2022,2022Q3,40
InSightec,2023,2023Q4,100
InVision,2020,2020Q3,0
InVision,2021,2021Q4,22
InVision,2022,2022Q3,0
InVision,2024,2024Q1,0
Incredible Health,2020,2020Q2,9
Incredibuild,2023,2023Q4,40
Increff,2023,2023Q3,0
Indeed,2023,2023Q1,2200
Indeed,2024,2024Q2,1000
Indigo,2021,2021Q1,80
Indigo,2023,2023Q1,0
Indigo,2023,2023Q3,0
Indigo,2024,2024Q1,0
Industrious,2020,2020Q2,90
Infarm,2022,2022Q3,50
Infarm,2022,2022Q4,500
Infineon,2024,2024Q3,1400
Influitive,2020,2020Q2,0
InfluxData,2022,2022Q4,65
InfoSum,2022,2022Q4,20
Infogrid,2022,2022Q4,0
Informatica,2023,2023Q1,450
Informatica,2023,2023Q4,545
Inmobi,2023,2023Q1,50
Inmobi,2024,2024Q1,125
Innovaccer,2022,2022Q3,90
Innovaccer,2023,2023Q1,245
Innovid,2023,2023Q1,40
Innoviz,2024,2024Q1,60
Inscribe,2024,2024Q1,0
Inscripta,2022,2022Q4,43
Insider,2023,2023Q2,0
Insider Intelligence,2023,2023Q2,20
Inspectify,2022,2022Q4,0
Inspirato,2020,2020Q1,130
Inspirato,2023,2023Q1,109
Inspirato,2023,2023Q3,50
Instacart,2021,2021Q1,1877
Instacart,2022,2022Q3,0
Instacart,2024,2024Q1,250
Instagram,2024,2024Q1,60
Instamojo,2020,2020Q2,6
Instructure,2020,2020Q2,150
InsurStaq.ai,2024,2024Q3,0
Intapp,2020,2020Q2,45
Integral Ad Science,2020,2020Q2,70
Integral Ad Science,2022,2022Q4,120
Integrate,2023,2023Q1,0
Integrate.ai,2020,2020Q2,26
Intel,2022,2022Q4,201
Intel,2023,2023Q1,343
Intel,2023,2023Q3,140
Intel,2023,2023Q4,311
Intel,2024,2024Q2,62
Intel,2024,2024Q3,15000
IntelyCare,2023,2023Q3,0
Intercom,2020,2020Q2,39
Intercom,2022,2022Q3,49
Intercom,2022,2022Q4,124
Intersect,2020,2020Q2,19
Intrinsic,2023,2023Q1,40
Introhive,2022,2022Q3,57
Intuit,2020,2020Q2,715
Intuit,2024,2024Q3,1800
Inuitive,2024,2024Q3,16
InvestCloud,2023,2023Q4,80
Invitae,2022,2022Q3,1000
Invitae,2023,2023Q4,235
Involves,2022,2022Q3,70
Iress,2023,2023Q2,0
Iris Nova,2020,2020Q1,9
Iron Ox,2022,2022Q4,50
IronNet,2022,2022Q2,145
IronNet,2023,2023Q4,0
JD.ID,2022,2022Q4,200
JOIN,2023,2023Q3,0
JOKR,2022,2022Q2,50
Jam City,2022,2022Q3,200
Jam City,2024,2024Q3,85
Jama,2020,2020Q1,12
Jamf,2024,2024Q1,0
Jane,2023,2023Q4,0
Jasper,2023,2023Q3,0
Jasper Health,2024,2024Q2,0
Jellyfish,2023,2023Q1,0
Jellysmack,2022,2022Q2,0
Jellysmack,2023,2023Q1,208
Jellysmack,2023,2023Q2,13
Jellysmack,2023,2023Q4,0
JetClosing,2020,2020Q2,20
JetClosing,2022,2022Q2,0
Jetty,2020,2020Q2,35
Jimdo,2022,2022Q4,50
Jiobit,2020,2020Q2,6
Jobcase,2020,2020Q2,39
Jodo,2023,2023Q4,100
Joonko,2023,2023Q2,0
Joonko,2024,2024Q2,0
Jounce Therapeutics,2023,2023Q1,0
Journera,2024,2024Q1,0
Jumia,2022,2022Q4,900
Jumio,2023,2023Q1,100
Jump,2020,2020Q2,500
Jumpcloud,2023,2023Q1,100
Jungle Scout,2023,2023Q4,0
Juni,2022,2022Q4,72
Juniper,2022,2022Q4,0
Juniper Networks,2023,2023Q4,440
Juniper Square,2022,2022Q3,0
JupiterOne,2023,2023Q2,8
Just Eat,2023,2023Q1,1700
Just Eat Takeaway,2022,2022Q3,390
Juul,2020,2020Q2,900
Juul,2022,2022Q4,400
Kabam,2022,2022Q4,35
Kabam,2023,2023Q2,0
Kaiyo,2024,2024Q3,0
Kaleidoscope,2023,2023Q1,15
Kaltura,2022,2022Q3,0
Kaltura,2023,2023Q1,75
Kandela,2023,2023Q1,0
Kandji,2022,2022Q4,0
Kandji,2024,2024Q1,0
Kaodim,2022,2022Q2,0
Kape,2023,2023Q3,180
Kape Technologies,2023,2023Q3,200
Kapten / Free Now,2020,2020Q2,0
Karakuki,2023,2023Q2,0
Karat,2023,2023Q1,47
Karat,2023,2023Q2,47
Karat Financial,2023,2023Q4,0
Karbon,2022,2022Q3,0
Karhoo,2024,2024Q2,0
Karma,2023,2023Q2,20
Karshare,2023,2023Q2,0
Kaseya,2024,2024Q2,0
Kaspersky,2024,2024Q3,0
Kaspien,2023,2023Q4,0
Katerra,2020,2020Q2,640
Katerra,2021,2021Q2,2434
Kavak,2022,2022Q2,150
Kavak,2022,2022Q4,0
Kayak / OpenTable,2020,2020Q2,160
Kayak / OpenTable,2023,2023Q4,80
Kazoo,2020,2020Q1,0
KeepTruckin,2020,2020Q1,349
Keepe,2022,2022Q2,0
Kenko Health,2023,2023Q3,100
Kenko Health,2024,2024Q3,0
Kenoby,2020,2020Q2,18
Kevin,2024,2024Q1,0
Khatabook,2023,2023Q3,42
Khoros,2022,2022Q4,120
Khoros,2023,2023Q3,0
Kiavi,2022,2022Q3,39
Kickstarter,2020,2020Q2,25
Kinaxis,2024,2024Q2,0
Kinde,2023,2023Q1,8
Kissflow,2024,2024Q2,45
Kite,2022,2022Q4,0
Kitopi,2020,2020Q2,124
Kitopi,2022,2022Q4,93
Kitty Hawk,2020,2020Q2,70
Kitty Hawk,2022,2022Q3,100
Kiwi.com,2024,2024Q1,216
KiwiCo,2022,2022Q2,40
Klarna,2022,2022Q2,700
Klarna,2022,2022Q3,100
Klaviyo,2023,2023Q1,140
Kleos Space,2023,2023Q3,0
Klook,2020,2020Q2,300
Knock,2022,2022Q1,115
Knotel,2020,2020Q1,127
Knotel,2020,2020Q4,20
KnownOrigin,2024,2024Q1,0
Kodiak Robotics,2020,2020Q2,15
Kogan,2022,2022Q3,0
Koho,2022,2022Q4,15
Koho,2023,2023Q1,0
KoinWorks,2022,2022Q4,70
Koinly,2022,2022Q4,16
Komodo Health,2020,2020Q2,23
Komodo Health,2022,2022Q4,78
Konfio,2022,2022Q3,180
Kongregate,2020,2020Q3,12
Kontist,2022,2022Q2,50
Koo,2022,2022Q3,40
Koo,2023,2023Q2,78
Koo,2024,2024Q3,0
Kraken,2022,2022Q4,1100
Kry,2022,2022Q2,100
Kry,2022,2022Q4,300
Kuda,2022,2022Q3,23
Kueski,2020,2020Q2,90
Kumu,2023,2023Q2,0
Kune,2022,2022Q2,0
Kyndryl,2023,2023Q1,0
Kyruus,2023,2023Q1,70
L1ght,2023,2023Q2,0
LEAD,2022,2022Q3,80
LEAD,2023,2023Q1,60
LOOP,2024,2024Q2,23
Labelbox,2022,2022Q3,36
Labster,2020,2020Q2,40
Lacework,2022,2022Q2,300
Ladder Life,2020,2020Q1,13
Ladenzeile,2024,2024Q2,0
Lam Research,2023,2023Q1,1300
Lambda School,2020,2020Q2,19
Lambda School,2021,2021Q2,65
Lamudi Indonesia,2023,2023Q3,0
Landing,2022,2022Q4,110
Landing,2023,2023Q4,0
Lantern,2023,2023Q1,0
Lastline,2020,2020Q2,50
Latch,2020,2020Q2,60
Latch,2022,2022Q2,160
Latch,2022,2022Q3,115
Latch,2023,2023Q3,0
Lattice,2020,2020Q2,16
Lattice,2022,2022Q4,13
Lattice,2023,2023Q1,105
Lawgeex,2022,2022Q3,30
Laybuy,2022,2022Q3,45
Laybuy,2023,2023Q1,0
Lazada Group ,2024,2024Q1,100
Lazerpay,2022,2022Q4,0
Lazerpay,2023,2023Q2,0
Le Tote,2020,2020Q2,0
LeafLink,2022,2022Q4,80
Leafly,2020,2020Q1,91
Leafly,2022,2022Q4,56
Leafly,2023,2023Q1,40
League,2020,2020Q2,0
LearnUpon,2023,2023Q1,27
Ledger,2023,2023Q4,0
Ledger Investing,2024,2024Q1,0
Ledn,2022,2022Q4,0
LegalZoom,2023,2023Q4,100
LegalZoom,2024,2024Q3,0
Legible,2022,2022Q2,23
Lemon,2022,2022Q4,100
Lemonade,2022,2022Q2,52
Lemonade,2023,2023Q2,45
Lendi,2023,2023Q1,100
Lending Club,2020,2020Q2,460
Lending Club,2023,2023Q1,225
Lending Club,2023,2023Q4,172
LendingTree,2022,2022Q4,200
LendingTree,2023,2023Q1,150
Lendingkart,2020,2020Q2,500
Lendio,2024,2024Q1,0
Lendis,2022,2022Q3,18
Lendis,2022,2022Q4,0
Lenovo,2022,2022Q4,0
Lenovo,2023,2023Q2,0
Lentra,2024,2024Q2,0
LetsGetChecked,2022,2022Q3,0
Lev,2022,2022Q4,30
Lev,2023,2023Q2,34
Levelset,2020,2020Q2,0
Lever,2020,2020Q2,86
Lever,2024,2024Q1,0
Lex,2024,2024Q3,0
Licious,2024,2024Q1,80
Lido,2022,2022Q1,150
Lido Learning,2022,2022Q3,0
Life360,2023,2023Q1,0
Liftoff,2022,2022Q4,130
Lighter Capital,2020,2020Q2,18
Lighter Capital,2020,2020Q3,22
Lighthouse Labs,2020,2020Q2,14
Lightico,2022,2022Q1,20
Lightico,2023,2023Q1,20
Lightricks,2022,2022Q3,80
Lightricks,2024,2024Q3,70
Lightspeed Commerce,2023,2023Q1,300
Lightspeed Commerce,2024,2024Q2,280
Lime,2020,2020Q2,80
Limeade,2023,2023Q1,0
Limelight,2021,2021Q1,13
LingoAce,2023,2023Q3,0
LinkedIn,2020,2020Q3,960
LinkedIn,2023,2023Q1,0
LinkedIn,2023,2023Q2,716
LinkedIn,2023,2023Q4,660
Linkfire,2022,2022Q4,35
Linktree,2022,2022Q3,50
Linktree,2023,2023Q2,60
Liongard,2022,2022Q2,0
Lithic,2022,2022Q4,27
Liv Up,2022,2022Q1,100
LivePerson,2020,2020Q4,30
LivePerson,2022,2022Q3,193
LiveRamp,2022,2022Q4,0
LiveTiles,2020,2020Q2,50
LiveVox,2023,2023Q1,0
LiveVox,2024,2024Q1,0
Livspace,2020,2020Q2,450
Livspace,2023,2023Q1,100
Localize,2024,2024Q3,0
Loco,2023,2023Q4,40
Locomation,2023,2023Q1,0
Loft,2020,2020Q1,47
Loft,2020,2020Q2,47
Loft,2022,2022Q2,159
Loft,2022,2022Q3,384
Loft,2022,2022Q4,312
Loft,2023,2023Q1,340
Loftium,2020,2020Q2,32
Loftsmart,2020,2020Q1,25
Loggi,2022,2022Q3,500
Loggi,2023,2023Q1,300
Logitech,2023,2023Q1,300
Loja Integrada,2022,2022Q3,25
Lokalise,2022,2022Q4,76
Lola,2020,2020Q1,34
Longi,2024,2024Q1,0
Loom,2022,2022Q2,34
Loom,2022,2022Q4,23
Loop,2022,2022Q3,15
Loop,2023,2023Q1,19
Loop,2024,2024Q3,0
LoopMe,2020,2020Q2,8
Loopio,2020,2020Q2,11
Loopio,2023,2023Q2,0
Loopio,2024,2024Q1,0
Lora DiCarlo,2022,2022Q4,0
Lordstown Motors,2023,2023Q2,0
Lucid Diagnostics,2023,2023Q1,0
Lucid Motors,2023,2023Q1,1300
Lucid Motors,2024,2024Q2,400
Lucid Software,2023,2023Q3,75
Lucira Health,2023,2023Q1,26
Ludia,2023,2023Q2,55
Lululemon Studio,2023,2023Q3,120
LumenAd,2020,2020Q2,0
Lumina Networks,2020,2020Q3,0
Luminar,2024,2024Q2,140
Luminar,2024,2024Q3,0
Lummo,2022,2022Q2,150
Lunchbox,2022,2022Q3,60
Lunchtime,2023,2023Q3,0
Luno,2023,2023Q1,330
Lunya,2023,2023Q2,0
Lusha,2022,2022Q3,30
Luxury Presence,2023,2023Q1,44
Lyft,2020,2020Q2,982
Lyft,2022,2022Q3,60
Lyft,2022,2022Q4,700
Lyft,2023,2023Q2,1072
Lyft,2024,2024Q3,30
Lyric,2020,2020Q1,100
Lyst,2022,2022Q4,50
Lytics,2020,2020Q2,0
M1,2022,2022Q3,38
MFine,2022,2022Q2,600
MPL,2023,2023Q3,350
MVPindex,2024,2024Q1,12
MX,2022,2022Q4,200
Made Renovation,2023,2023Q4,0
Made.com,2022,2022Q3,0
Madefire,2021,2021Q2,0
MadeiraMadeira,2022,2022Q3,60
Magic Eden,2023,2023Q1,22
Magic Leap,2020,2020Q2,1000
Magic Leap,2024,2024Q3,75
Magicbricks,2020,2020Q2,250
Magnite,2023,2023Q1,0
Mainstreet,2022,2022Q2,45
Mainvest,2024,2024Q2,0
Make School,2020,2020Q1,0
MakeMyTrip,2020,2020Q2,350
MakeMyTrip,2020,2020Q3,350
MakerBot,2020,2020Q2,12
Malwarebytes,2022,2022Q3,125
Malwarebytes,2023,2023Q3,100
Mamaearth,2023,2023Q2,80
ManoMano,2023,2023Q4,230
Mapbox,2020,2020Q2,0
Mapbox,2023,2023Q1,64
Mapify,2020,2020Q3,0
Mara,2022,2022Q4,0
Mara,2023,2023Q2,6
MariaDB,2023,2023Q1,0
MariaDB,2023,2023Q4,84
Mark43,2022,2022Q2,0
Marketforce,2022,2022Q3,54
Markforged,2023,2023Q4,0
Marqeta,2023,2023Q2,0
Marvell,2023,2023Q1,320
Masse,2020,2020Q2,0
MasterClass,2022,2022Q2,120
MasterClass,2023,2023Q1,79
Match Group,2023,2023Q1,0
Match Group,2024,2024Q3,0
Matrixport,2023,2023Q1,29
Matter Labs,2024,2024Q3,0
Matterport,2020,2020Q2,90
Matterport,2023,2023Q3,170
Maven,2020,2020Q1,31
Mavenir,2023,2023Q1,0
MaxMilhas,2020,2020Q2,167
MaxMilhas,2023,2023Q3,82
May Mobility,2024,2024Q1,0
McMakler,2022,2022Q3,90
McMakler,2022,2022Q4,100
McMakler,2023,2023Q2,60
McMakler,2023,2023Q4,60
Me Poupe,2023,2023Q1,60
Meati,2024,2024Q1,0
Meati Foods,2023,2023Q2,0
Medallia,2023,2023Q1,59
MediBuddy,2023,2023Q1,200
MediaMath,2020,2020Q2,53
MediaMath,2023,2023Q2,0
Mediafly,2023,2023Q2,0
Medium,2021,2021Q1,0
Medium,2022,2022Q3,0
Medly,2022,2022Q3,0
Medly,2023,2023Q1,0
Medsaf,2023,2023Q3,30
Medtronic,2023,2023Q2,59
Medtronic,2024,2024Q2,0
Meero,2022,2022Q2,350
Meesho,2020,2020Q2,200
Meesho,2022,2022Q2,150
Meesho,2022,2022Q3,300
Meesho,2023,2023Q2,251
Meetup,2024,2024Q1,0
Megaport,2023,2023Q1,0
Megaport,2023,2023Q2,50
Mejuri,2020,2020Q2,36
Mejuri,2022,2022Q3,50
Melio,2022,2022Q3,60
Melio,2024,2024Q1,40
Memmo,2022,2022Q2,0
Mensa Brands,2023,2023Q2,30
Menulog,2022,2022Q4,0
Meow Wolf,2020,2020Q2,201
Meow Wolf,2023,2023Q4,8
Merama,2023,2023Q2,0
Merative,2023,2023Q1,200
Merative,2023,2023Q3,100
Mercari U.S.,2024,2024Q3,0
Mercos,2020,2020Q2,51
MeridianLink,2023,2023Q1,0
MeridianLink,2024,2024Q1,0
MessageBird,2022,2022Q4,0
MessageBird,2024,2024Q1,90
Messari,2023,2023Q1,0
Meta,2022,2022Q4,11000
Meta,2023,2023Q1,10000
Meta,2023,2023Q4,0
Meta,2024,2024Q1,0
Metaplex,2022,2022Q4,0
Metigy,2022,2022Q3,75
Metromile,2020,2020Q2,100
Metromile,2022,2022Q3,60
Mews,2020,2020Q2,0
MiQ,2023,2023Q3,0
Micron,2023,2023Q1,7200
Microsoft,2022,2022Q3,0
Microsoft,2022,2022Q4,0
Microsoft,2023,2023Q1,10000
Microsoft,2023,2023Q2,158
Microsoft,2023,2023Q3,1000
Microsoft,2024,2024Q1,1900
Microsoft,2024,2024Q2,1000
Microsoft,2024,2024Q3,650
Migo,2020,2020Q2,0
Milkbasket,2023,2023Q3,400
Milkrun,2023,2023Q1,0
Milkrun,2023,2023Q2,400
MindBody,2020,2020Q2,700
MindBody,2022,2022Q4,400
Mindgeek,2022,2022Q2,0
Mindstrong,2023,2023Q1,127
Minted,2020,2020Q2,147
Minute Media,2023,2023Q1,50
Miro,2023,2023Q1,119
Misfits Market,2023,2023Q1,649
MissFresh,2022,2022Q3,0
Mister Spex,2024,2024Q3,0
Mixpanel,2020,2020Q2,65
Mobile Premier League,2022,2022Q2,100
Mobileye,2024,2024Q3,100
Mobius Motors,2024,2024Q3,0
Mode Analytics,2020,2020Q2,17
Mode Analytics,2022,2022Q3,25
Mode Global,2023,2023Q1,0
Modern Treasury,2022,2022Q4,0
Modsy,2020,2020Q2,0
Modsy,2022,2022Q2,0
Moglix,2023,2023Q1,40
Mogo,2020,2020Q1,78
Mojo,2023,2023Q4,0
Mojo Vision,2023,2023Q1,0
Mojocare,2023,2023Q2,170
Moladin,2023,2023Q1,360
Mollie,2023,2023Q3,0
Momentis Surgical,2023,2023Q2,70
Momentive,2022,2022Q4,180
Momentive,2023,2023Q1,0
Monese,2020,2020Q2,35
Monzo,2020,2020Q2,285
MoonPay,2024,2024Q2,30
Moore Threads,2023,2023Q4,0
Moov,2024,2024Q3,50
Moove,2022,2022Q4,0
Moovel,2020,2020Q2,28
Moovit,2024,2024Q2,20
Morning Brew,2022,2022Q4,0
Morning Brew,2023,2023Q1,40
Morning Consult,2023,2023Q1,0
Morning Consult,2024,2024Q1,0
Moss,2022,2022Q3,70
Moss,2023,2023Q2,30
Motif Foodworks,2022,2022Q3,0
Motif Foodworks,2024,2024Q3,0
Motif Investing,2020,2020Q2,0
Motional,2022,2022Q4,0
Motional,2024,2024Q1,0
Motional,2024,2024Q2,550
Motive,2022,2022Q4,237
Motive,2023,2023Q3,0
Movidesk,2020,2020Q2,33
Movidesk,2022,2022Q4,118
MoxiWorks,2024,2024Q3,0
Moxion Power,2024,2024Q2,101
Moxion Power,2024,2024Q3,248
Mozilla,2020,2020Q3,250
Mozilla,2024,2024Q1,60
Mr Yum,2023,2023Q1,40
Mr. Yum,2022,2022Q3,0
Mudafy,2023,2023Q1,0
Multiverse,2023,2023Q4,0
Muni Tienda,2022,2022Q4,0
Mural,2022,2022Q2,90
Mural,2022,2022Q3,0
Mural,2023,2023Q2,170
Mutiny,2023,2023Q2,0
Muvin,2024,2024Q1,0
Mux,2022,2022Q3,40
Mux,2023,2023Q2,40
MyGate,2023,2023Q1,200
Myntra,2023,2023Q3,50
Mythical Games,2022,2022Q4,0
N-able Technologies,2022,2022Q4,0
N26,2020,2020Q2,9
N26,2023,2023Q2,71
N26,2023,2023Q3,14
NCC Group,2023,2023Q1,125
NCC Group,2023,2023Q3,0
NCSoft,2023,2023Q1,0
NCX,2022,2022Q4,0
NIO,2023,2023Q4,0
NS8,2020,2020Q3,240
NSO,2022,2022Q3,100
NYDIG,2022,2022Q3,110
Namely,2020,2020Q2,110
Namogoo,2022,2022Q4,25
Namogoo,2023,2023Q1,20
NanoString,2022,2022Q4,0
NanoString Technologies,2024,2024Q1,50
Nansen,2023,2023Q2,0
Nate,2022,2022Q2,30
Nate,2022,2022Q3,30
Nate,2023,2023Q1,0
Natera,2022,2022Q4,0
National Instruments,2023,2023Q1,0
Nativo,2020,2020Q1,0
Nav,2020,2020Q2,30
Navan,2023,2023Q4,290
Navi,2020,2020Q2,40
Navi Technologies,2023,2023Q3,200
Nearmap,2020,2020Q2,0
Nearmap,2023,2023Q1,0
Neoleukin Therapeutics,2023,2023Q1,0
Neon,2020,2020Q2,70
Neon,2023,2023Q1,210
Neon,2023,2023Q4,180
NerdWallet,2024,2024Q3,0
Nerdy,2022,2022Q4,0
Nestcoin,2022,2022Q4,30
NetApp,2023,2023Q1,960
Netflix,2022,2022Q2,475
Netflix,2022,2022Q3,30
Netlify,2022,2022Q4,48
Netlify,2023,2023Q3,0
Nevro,2024,2024Q1,63
New Relic,2020,2020Q2,20
New Relic,2021,2021Q2,160
New Relic,2022,2022Q3,110
New Relic,2023,2023Q2,255
New Relic,2024,2024Q2,0
New Work SE,2024,2024Q1,400
Newfront Insurance,2020,2020Q2,94
Nexar,2022,2022Q4,25
Nexar,2023,2023Q3,29
Next Insurance,2022,2022Q3,150
NextGen Healthcare,2023,2023Q4,84
NextRoll,2022,2022Q3,0
Nextbite,2022,2022Q3,0
Nextbite,2023,2023Q2,0
Nextdoor,2023,2023Q4,0
Nextiva,2022,2022Q4,0
Niantic,2022,2022Q2,85
Niantic,2023,2023Q2,230
Niantic,2023,2023Q3,100
Niche,2024,2024Q1,24
Nikola,2023,2023Q2,270
Ninja Van,2024,2024Q2,21
Ninja Van,2024,2024Q3,0
Ninjacart,2021,2021Q1,200
Nirvana Money,2022,2022Q4,0
No Fluff Jobs,2023,2023Q1,13
Noice,2023,2023Q3,0
Nomad,2022,2022Q3,0
Nomad Health,2023,2023Q4,119
Nomad Health,2024,2024Q1,0
Noom,2022,2022Q2,495
Noom,2022,2022Q4,500
Noom,2023,2023Q1,0
Noom,2024,2024Q1,0
Noon,2023,2023Q2,340
Nori,2023,2023Q2,10
Nori,2024,2024Q3,0
Northvolt,2024,2024Q3,1600
Notable Labs,2024,2024Q3,0
Notarize,2022,2022Q2,110
Notarize,2022,2022Q4,60
Nova Benefits,2022,2022Q2,0
Nowadays,2023,2023Q3,0
Nowports,2023,2023Q1,0
NuScale Power,2024,2024Q1,154
Nuance Communications,2023,2023Q2,0
Nubank,2023,2023Q1,70
Nubank,2023,2023Q2,296
Numbrs,2020,2020Q2,62
NuoDB,2020,2020Q2,20
Nuri,2022,2022Q2,45
Nuri,2022,2022Q4,0
Nuro,2022,2022Q3,7
Nuro,2022,2022Q4,300
Nuro,2023,2023Q2,340
Nutanix,2022,2022Q3,270
Nylas,2022,2022Q3,80
Nyriad,2022,2022Q4,0
O'Reilly Media,2020,2020Q1,75
OFFOR Health,2023,2023Q1,16
OKCredit,2022,2022Q1,30
OLX Group,2023,2023Q1,1500
OLX Group,2023,2023Q2,800
OLX India,2020,2020Q4,250
ON,2024,2024Q3,60
OPay,2020,2020Q2,0
OSlash,2023,2023Q4,0
OYO,2020,2020Q2,650
OYO,2020,2020Q4,600
OYO,2022,2022Q4,600
Oatly,2022,2022Q4,0
Observe.AI,2023,2023Q1,0
Ocado,2023,2023Q4,1000
Ocavu,2022,2022Q4,20
Octopus Network,2022,2022Q4,0
Oda,2022,2022Q4,210
Oda,2024,2024Q2,150
Oddle,2023,2023Q2,0
OfferUp,2022,2022Q4,0
Offerpad,2022,2022Q4,0
Oh My Green,2020,2020Q1,40
Okta,2022,2022Q3,24
Okta,2023,2023Q1,300
Okta,2024,2024Q1,400
Ola,2020,2020Q2,1400
Ola,2022,2022Q3,1200
Ola,2023,2023Q1,200
Ola,2024,2024Q2,180
Olist,2022,2022Q2,0
Olist,2023,2023Q1,0
Olive,2022,2022Q3,450
Olive,2023,2023Q4,0
Olive AI,2023,2023Q1,215
Olo,2023,2023Q2,81
Olo,2024,2024Q3,0
Omie,2020,2020Q2,136
Omnipresent,2023,2023Q1,0
Omuni,2023,2023Q3,60
On Deck,2022,2022Q2,72
On Deck,2022,2022Q3,73
OnDeck,2020,2020Q3,0
OneFootball,2022,2022Q4,62
OneFootball,2023,2023Q1,150
OnePipe,2023,2023Q1,0
OneStudyTeam,2022,2022Q4,0
OneTrust,2020,2020Q2,150
OneTrust,2022,2022Q2,950
OneWeb,2020,2020Q1,451
Onfido,2023,2023Q3,0
OnlyFans,2022,2022Q3,0
Opal,2020,2020Q1,20
Open,2023,2023Q2,47
Open Co,2023,2023Q1,0
OpenClassrooms,2023,2023Q2,0
OpenSea,2022,2022Q3,0
OpenSea,2023,2023Q4,0
OpenSpace,2023,2023Q4,0
OpenText,2023,2023Q1,0
OpenText,2024,2024Q3,1200
OpenWeb,2022,2022Q2,14
OpenX,2020,2020Q2,35
Opencare,2020,2020Q2,18
Opendoor,2020,2020Q2,600
Opendoor,2022,2022Q4,550
Opendoor,2023,2023Q2,560
Openpay,2023,2023Q1,83
Opora,2023,2023Q2,0
Oportun,2023,2023Q1,155
Oportun,2023,2023Q4,185
Optimizely,2020,2020Q3,60
OrCam,2022,2022Q4,62
OrCam,2024,2024Q1,50
OrCam,2024,2024Q2,100
OrCam,2024,2024Q3,0
Oracle,2022,2022Q3,0
Oracle,2022,2022Q4,200
Oracle,2023,2023Q1,0
Orbit,2022,2022Q3,0
Orbotech,2024,2024Q1,100
Orca Security,2024,2024Q1,60
Orchard,2022,2022Q2,0
Orchard,2022,2022Q4,180
Orchard,2023,2023Q1,0
Orchard,2023,2023Q4,0
Oriente,2020,2020Q2,400
Oscar Health,2020,2020Q2,70
Osso VR,2024,2024Q2,67
Otonomo,2022,2022Q3,0
Otonomo,2022,2022Q4,80
Otovo,2024,2024Q1,65
Our Next Energy,2023,2023Q4,128
Our Next Energy,2024,2024Q1,40
Ouster,2020,2020Q3,0
Ouster,2022,2022Q3,0
OutSystems,2024,2024Q2,150
OutboundEngine,2020,2020Q1,52
Outbrain,2022,2022Q3,38
Outbrain,2023,2023Q2,90
Outdoorsy,2020,2020Q2,0
Outreach,2022,2022Q3,60
Outreach,2023,2023Q1,70
Outreach,2023,2023Q3,0
Outreach ,2023,2023Q3,0
Outschool,2022,2022Q3,31
Outschool,2022,2022Q4,43
Outside,2022,2022Q2,87
Outside,2022,2022Q4,0
Overtime,2020,2020Q1,30
Owlet,2022,2022Q3,0
OwnBackup,2022,2022Q4,170
Oye Rickshaw,2022,2022Q2,40
Oyster,2023,2023Q1,0
Oyster,2023,2023Q3,0
Ozy Media,2021,2021Q4,0
PACT Pharma,2022,2022Q3,94
Pacaso,2022,2022Q4,100
Packable,2022,2022Q3,138
PacketFabric,2023,2023Q2,0
PacketFabric,2024,2024Q3,0
Paddle,2023,2023Q1,0
PagBank,2023,2023Q1,500
PagSeguro,2023,2023Q1,0
Pagarbook,2021,2021Q3,80
Pagaya,2023,2023Q1,140
Pagaya,2024,2024Q2,100
PagerDuty,2023,2023Q1,0
PaisaBazaar,2020,2020Q2,1500
Palantir,2023,2023Q1,75
Palmetto Clean Technology,2023,2023Q4,0
Pana,2020,2020Q2,18
Panda Squad,2020,2020Q1,6
Panther,2023,2023Q2,0
Papa,2022,2022Q3,0
Paper,2023,2023Q2,81
Paper,2023,2023Q3,193
Paper,2024,2024Q3,81
Paperless Parts,2023,2023Q2,0
Parallel Wireless,2022,2022Q2,60
Pared,2020,2020Q3,0
Parity Technologies,2023,2023Q4,100
Parler,2023,2023Q1,60
Parsable,2020,2020Q2,40
PartnerStack,2023,2023Q1,40
Passport,2020,2020Q1,44
Pastel,2022,2022Q3,0
PathAI,2023,2023Q3,87
PatientPop,2020,2020Q2,100
Patreon,2020,2020Q2,30
Patreon,2021,2021Q2,36
Patreon,2022,2022Q3,85
PaulCamper,2023,2023Q3,0
Pavilion Data,2022,2022Q4,96
Pax8,2024,2024Q2,0
Paxos,2024,2024Q2,65
PayFit,2023,2023Q1,200
PayJoy,2020,2020Q2,27
PayPal,2022,2022Q2,83
PayPal,2023,2023Q1,2000
PayPal,2024,2024Q1,2500
PayPal,2024,2024Q2,85
PayScale,2023,2023Q3,14
PaySense,2020,2020Q3,40
PayU,2022,2022Q4,150
Payfactors,2020,2020Q2,46
Payoneer,2023,2023Q2,200
Paystack,2023,2023Q4,33
Paytm,2020,2020Q2,500
Paytm,2023,2023Q4,1000
Paytm,2024,2024Q2,3500
Pear Therapeutics,2022,2022Q4,118
Pear Therapeutics,2023,2023Q2,170
Pear Therapeutics ,2022,2022Q3,25
Pebble,2023,2023Q4,0
Pebblepost,2020,2020Q2,0
Pecan AI,2023,2023Q1,30
Peek,2020,2020Q1,45
PeerStreet,2020,2020Q1,51
PeerStreet,2022,2022Q2,75
PeerStreet,2023,2023Q1,0
Peerfit,2020,2020Q1,0
Peerspace,2020,2020Q1,41
Pegasystems,2023,2023Q1,245
Pegasystems,2023,2023Q3,240
Peloton,2022,2022Q1,2800
Peloton,2022,2022Q3,784
Peloton,2022,2022Q4,500
Peloton,2023,2023Q3,11
Peloton,2024,2024Q2,400
Pendo,2022,2022Q3,45
Pendo,2023,2023Q2,100
People.ai,2020,2020Q2,30
People.ai,2022,2022Q3,0
PeopleGrove,2020,2020Q2,0
Perceptive Automata,2022,2022Q3,0
Perfect Day,2023,2023Q3,134
Perimeter 81,2022,2022Q4,20
Perion,2022,2022Q3,20
Perion,2024,2024Q2,35
PerkSpot,2020,2020Q2,10
Perkbox,2020,2020Q3,0
Permutive,2022,2022Q3,30
Permutive,2023,2023Q2,80
Personalis,2023,2023Q1,0
Personetics,2023,2023Q1,30
Personio,2024,2024Q1,100
Perx Health,2022,2022Q3,0
Pesto,2022,2022Q3,0
PetLove,2023,2023Q1,94
Petal,2020,2020Q2,0
Petal,2022,2022Q3,0
Petal,2023,2023Q2,0
PhableCare,2023,2023Q1,0
Phantom Auto,2024,2024Q1,100
PharmEasy,2022,2022Q2,40
PharmEasy,2022,2022Q4,0
PharmEasy,2023,2023Q2,0
Philips,2022,2022Q4,4000
Philips,2023,2023Q1,6000
Phunware,2023,2023Q3,0
Physics Wallah,2023,2023Q4,120
PickYourTrail,2020,2020Q2,70
Picnic,2023,2023Q1,0
Pico Interactive,2023,2023Q1,400
Pico Interactive,2023,2023Q4,0
PicoBrew,2020,2020Q2,0
Picsart,2022,2022Q2,90
Pie Insurance,2023,2023Q2,63
Pier,2023,2023Q1,111
Pilot,2023,2023Q2,45
Ping Identity,2023,2023Q4,0
Pinterest,2022,2022Q4,0
Pinterest,2023,2023Q1,150
Pipedrive,2020,2020Q2,31
Pipedrive,2022,2022Q4,143
Pipedrive,2023,2023Q4,0
Pipl,2022,2022Q2,22
Pitch,2022,2022Q3,59
Pitch,2024,2024Q1,80
Pivo,2023,2023Q4,0
Pivot3,2020,2020Q1,0
Pix,2022,2022Q3,0
Plaid,2022,2022Q4,260
Planet,2023,2023Q3,117
Planet,2024,2024Q2,180
PlanetScale,2024,2024Q1,0
Planetly,2022,2022Q4,200
Plato,2022,2022Q3,29
Playdots,2022,2022Q4,65
Playtika,2022,2022Q2,250
Playtika,2022,2022Q4,600
Playtika,2024,2024Q1,300
Pleo,2022,2022Q4,150
Plerk,2022,2022Q4,0
Plex,2023,2023Q2,37
Pliops,2022,2022Q3,12
Plum,2022,2022Q4,36
Plume,2023,2023Q4,24
Pluralsight,2022,2022Q4,400
Pluralsight,2023,2023Q2,0
Pluralsight,2023,2023Q3,0
Plus One Robotics,2023,2023Q1,0
Pocket Aces,2023,2023Q1,50
Pocket FM,2024,2024Q3,200
Pocketmath,2021,2021Q1,21
Podium,2022,2022Q4,0
Podium,2023,2023Q3,0
Point,2023,2023Q3,61
PokerStars,2023,2023Q4,0
Polarr,2020,2020Q1,10
PolicyGenius,2022,2022Q2,170
Politico / Protocol,2020,2020Q2,13
Pollen,2020,2020Q2,69
Pollen,2022,2022Q2,200
Pollen,2022,2022Q3,0
Polly,2022,2022Q4,47
Polygon,2023,2023Q1,100
Polygon,2024,2024Q1,60
Pomelo Fashion,2022,2022Q3,55
Poparazzi,2023,2023Q2,0
Popcore,2024,2024Q1,0
Popin,2020,2020Q1,0
Poppulo,2023,2023Q2,85
Poshmark,2023,2023Q1,0
Postmates,2021,2021Q1,180
Postscript,2022,2022Q2,43
PowerReviews,2020,2020Q2,0
Practically,2022,2022Q4,0
Practo,2023,2023Q2,41
PrepLadder,2024,2024Q2,145
Preply,2022,2022Q2,26
Presto,2023,2023Q4,0
Priceline,2024,2024Q2,103
Prime Trust,2023,2023Q1,0
Primer,2022,2022Q4,85
Prisma,2023,2023Q1,0
Pristyn Care,2023,2023Q1,300
Pristyn Care,2024,2024Q1,120
Privitar,2021,2021Q1,20
Procore,2020,2020Q3,180
Procore,2024,2024Q1,0
Product Hunt,2023,2023Q4,0
Productboard,2022,2022Q4,100
Productboard,2023,2023Q3,0
Productboard,2024,2024Q1,0
Progrexion,2022,2022Q2,100
Project Ronin,2024,2024Q1,150
Project44,2022,2022Q3,63
Project44,2023,2023Q2,130
Project44,2023,2023Q3,116
Proofpoint,2024,2024Q1,280
Properly,2022,2022Q4,71
PropertyGuru,2024,2024Q1,79
Propzy,2022,2022Q2,0
Propzy,2022,2022Q3,0
Prosus,2023,2023Q1,0
Protego Trust Bank,2023,2023Q1,0
Proterra,2023,2023Q1,300
Protocol,2022,2022Q4,60
Protocol Labs,2023,2023Q1,89
Proton.ai,2022,2022Q4,0
Protonn,2022,2022Q1,0
Provi,2022,2022Q4,0
Providoor,2023,2023Q2,0
PubMatic,2024,2024Q4,12
PuduTech,2022,2022Q3,1500
Pulse Secure,2020,2020Q4,78
Puppet,2020,2020Q1,50
Puppet,2022,2022Q3,0
Pure Storage,2024,2024Q1,275
Purse,2020,2020Q2,0
Q4,2022,2022Q3,50
Qin1,2022,2022Q4,0
Qoala,2023,2023Q3,80
Qomplx,2023,2023Q3,60
Quadream,2023,2023Q2,0
Qualcomm,2022,2022Q4,153
Qualcomm,2023,2023Q2,114
Qualcomm,2023,2023Q4,1258
Qualtrics,2023,2023Q1,270
Qualtrics,2023,2023Q4,780
Quandoo,2021,2021Q1,87
Quanergy Systems,2022,2022Q4,72
Quantcast,2020,2020Q2,30
Quantcast,2022,2022Q3,40
Quanterix,2022,2022Q3,130
Quanto,2022,2022Q3,28
Quanto,2023,2023Q2,0
Quantum SI,2023,2023Q1,0
Quartz,2020,2020Q2,80
Quibi,2020,2020Q4,0
Quicko,2022,2022Q3,60
Quidax,2022,2022Q4,20
Quillt,2023,2023Q1,0
QuintoAndar,2020,2020Q2,88
QuintoAndar,2022,2022Q2,160
Quizac,2024,2024Q3,0
Quizy,2023,2023Q3,0
Qumulo,2022,2022Q2,80
Quora,2023,2023Q1,0
Qwick,2020,2020Q2,0
Qyuki,2023,2023Q2,0
R3,2023,2023Q3,0
RDX Works,2023,2023Q1,0
REE Automotive,2023,2023Q1,31
Rackspace,2023,2023Q1,275
Rad Power Bikes,2022,2022Q2,100
Rad Power Bikes,2022,2022Q3,63
Rad Power Bikes,2023,2023Q2,0
Rad Power Bikes,2023,2023Q3,40
Rad Power Bikes,2024,2024Q3,0
Rain,2022,2022Q2,0
RainFocus,2020,2020Q2,0
Raken,2020,2020Q1,60
Ranger Insurance,2024,2024Q2,0
Rangle,2020,2020Q1,78
Rapid,2023,2023Q2,185
Rapid7,2023,2023Q3,470
Rappi,2023,2023Q1,0
Rapyd,2022,2022Q4,0
Rapyd,2024,2024Q2,30
Rasa,2022,2022Q1,59
RateGenius,2023,2023Q1,0
Reach,2022,2022Q4,0
Ready Robotics,2024,2024Q3,0
RealPage,2024,2024Q2,260
RealSelf,2020,2020Q2,40
RealSelf,2022,2022Q3,11
Reali,2022,2022Q3,140
Realtor.com,2022,2022Q3,0
Rebel Foods,2023,2023Q1,0
Rebellion Defense,2023,2023Q2,90
Recast,2023,2023Q3,0
Received,2024,2024Q3,0
Recharge,2022,2022Q4,84
Recur,2023,2023Q3,0
Recur Forever,2022,2022Q4,235
Red Hat,2023,2023Q2,760
RedDoorz,2020,2020Q2,0
Redbox,2024,2024Q3,1000
Redbubble,2023,2023Q1,0
Redbubble,2023,2023Q2,70
Reddit,2023,2023Q2,90
Redesign Health,2022,2022Q4,67
Redesign Health,2024,2024Q1,154
Redfin,2020,2020Q2,236
Redfin,2022,2022Q2,470
Redfin,2022,2022Q4,862
Redfin,2023,2023Q2,201
Redfin,2024,2024Q3,82
Redox,2020,2020Q2,44
Reef,2022,2022Q2,750
Reforge,2022,2022Q4,0
Reforge,2023,2023Q2,0
Regrow Ag,2024,2024Q3,0
Relativity,2022,2022Q4,150
Relevel,2023,2023Q1,40
Reliance JioMart,2023,2023Q2,1000
Religion of Sports,2023,2023Q1,0
Remedy,2020,2020Q4,82
Remesh,2022,2022Q3,0
Remote,2022,2022Q3,100
Remote Year,2020,2020Q1,50
Renmoney,2020,2020Q2,391
RenoRun,2022,2022Q3,70
RenoRun,2022,2022Q4,210
RenoRun,2023,2023Q2,0
Rent the Runway,2020,2020Q1,0
Rent the Runway,2022,2022Q3,0
Rent the Runway,2024,2024Q1,37
Repertoire Immune Medicines,2022,2022Q4,65
Replicated,2022,2022Q2,50
Replit,2024,2024Q2,30
ResearchGate,2022,2022Q4,25
Reserve,2023,2023Q1,0
ReshaMandi,2024,2024Q2,0
ReshaMandi,2024,2024Q3,0
Restaurant365,2020,2020Q1,175
Retention.com,2024,2024Q3,15
Retool,2023,2023Q2,0
Rev.com,2022,2022Q4,85
Revel,2024,2024Q2,1000
Revelate,2022,2022Q4,24
Reverb,2024,2024Q3,40
Revolut,2020,2020Q2,60
Rewind,2023,2023Q1,0
Reynen Court,2022,2022Q4,0
Rezi,2024,2024Q2,0
Rhino,2022,2022Q1,57
Rhumbix,2020,2020Q2,16
Ribbon,2022,2022Q3,136
Ribbon,2022,2022Q4,170
Ridecell,2020,2020Q2,35
RigUp,2020,2020Q1,120
Rigetti Computing,2023,2023Q1,0
RingCentral,2022,2022Q3,50
RingCentral,2022,2022Q4,0
RingCentral,2023,2023Q1,30
Riot Games,2023,2023Q1,46
Riot Games,2024,2024Q1,530
Ripl,2023,2023Q3,0
RiseUp,2024,2024Q2,50
Riskified,2024,2024Q1,40
Ritual,2020,2020Q2,196
Ritual,2022,2022Q2,23
Ritual,2023,2023Q2,38
Rivian,2020,2020Q2,40
Rivian,2022,2022Q3,840
Rivian,2023,2023Q1,0
Rivian,2023,2023Q4,20
Rivian,2024,2024Q1,0
Rivian,2024,2024Q2,270
Rivos,2023,2023Q3,24
Ro,2022,2022Q2,0
Robinhood,2022,2022Q2,340
Robinhood,2022,2022Q3,713
Robinhood,2023,2023Q2,150
Robinhood,2023,2023Q3,0
Roblox,2023,2023Q3,30
Roblox China,2023,2023Q4,15
Rock Content,2020,2020Q2,100
Rock Content,2023,2023Q1,0
Roku,2022,2022Q4,200
Roku,2023,2023Q1,200
Roku,2023,2023Q3,360
Roofstock,2022,2022Q4,0
Roofstock,2023,2023Q1,0
Root Insurance,2022,2022Q1,330
Root Insurance,2022,2022Q4,137
Route,2022,2022Q4,0
Rover,2020,2020Q1,194
Rows,2022,2022Q2,18
Ruangguru,2022,2022Q4,0
Rubica,2020,2020Q4,0
Rubicon Project,2020,2020Q2,50
Rubicon Technologies,2022,2022Q4,0
Rubius,2022,2022Q3,160
Rubius,2022,2022Q4,0
Rubrik,2020,2020Q2,57
Ruggable,2023,2023Q1,100
Running Tide,2024,2024Q2,0
Runtastic,2023,2023Q1,70
Runtastic,2024,2024Q3,170
Rupeek,2022,2022Q2,180
Rupeek,2022,2022Q3,50
SADA,2022,2022Q4,0
SAP,2023,2023Q1,3000
SAP,2024,2024Q1,8000
SAP Labs,2023,2023Q1,300
SAS,2023,2023Q2,250
SAS,2023,2023Q3,0
SCiFi Foods,2024,2024Q2,0
SEND,2022,2022Q2,300
SHINE Technologies,2023,2023Q3,59
SIRCLO,2022,2022Q4,160
SQZ Biotech,2022,2022Q4,0
SQream,2022,2022Q3,30
SSense,2023,2023Q1,138
SWVL,2022,2022Q2,400
SWVL,2022,2022Q4,0
Saarthi.ai,2023,2023Q3,0
Sabre,2023,2023Q2,1100
SadaPay,2024,2024Q3,0
SafeGraph,2022,2022Q2,27
Sage Therapeutics,2020,2020Q2,340
Sage Therapeutics copy,2023,2023Q3,290
Saks.com,2023,2023Q1,100
Sales Boomerang,2022,2022Q4,20
SalesLoft,2020,2020Q2,55
Salesforce,2020,2020Q3,1000
Salesforce,2022,2022Q4,1090
Salesforce,2023,2023Q1,8000
Salesforce,2023,2023Q3,50
Salesforce,2024,2024Q1,700
Salesforce,2024,2024Q3,300
Salesloft,2023,2023Q1,100
Salsify,2020,2020Q2,60
Salsify,2022,2022Q4,90
Salsify,2023,2023Q4,110
Sama,2022,2022Q3,0
Sami,2022,2022Q2,75
Sampler,2024,2024Q3,0
Samsara,2020,2020Q2,300
Samsung,2023,2023Q1,30
Sana,2022,2022Q4,0
Sana Benefits,2023,2023Q1,0
Sana Benefits,2023,2023Q4,73
Sanar,2022,2022Q2,60
Sandbox VR,2020,2020Q2,80
Sandvine,2024,2024Q3,0
Sarcos,2023,2023Q3,75
Sarcos,2023,2023Q4,150
Satellogic,2024,2024Q2,104
Sauce Labs,2020,2020Q2,30
Sayurbox,2022,2022Q4,0
Sayurbox,2023,2023Q2,0
Scale AI,2023,2023Q1,0
ScaleFactor,2020,2020Q2,90
ScaleFocus,2020,2020Q2,120
Scaler,2024,2024Q2,150
SchoolMint,2023,2023Q4,29
Science 37,2023,2023Q2,140
Science 37 ,2022,2022Q4,90
Scoop,2020,2020Q2,92
Scoop,2020,2020Q4,0
Scoro,2023,2023Q1,0
Scribe Media,2023,2023Q2,90
Sea,2022,2022Q1,350
Sea,2022,2022Q3,0
Seagate,2022,2022Q4,3000
Seagate,2023,2023Q1,480
Secfi,2022,2022Q2,0
Section4,2022,2022Q2,32
SecureWorks,2023,2023Q1,212
SecureWorks,2023,2023Q3,300
Seedr,2024,2024Q1,15
Seegrid,2022,2022Q3,90
SeekOut,2023,2023Q4,16
SeekOut,2024,2024Q2,0
Segment,2020,2020Q2,50
Selina,2023,2023Q2,350
SellerX,2022,2022Q3,28
Sema4,2022,2022Q3,250
Sema4,2022,2022Q4,500
SendCloud,2022,2022Q4,0
Sendle,2022,2022Q3,27
Sendoso,2022,2022Q2,0
Sendoso,2023,2023Q4,0
Sendy,2022,2022Q3,84
Sendy,2023,2023Q3,0
SenseTime,2023,2023Q3,0
Sensibill,2020,2020Q2,17
Sensor Tower,2023,2023Q3,0
SentinelOne,2023,2023Q2,0
Service,2020,2020Q1,0
ServiceTitan,2023,2023Q1,221
Sezzle,2022,2022Q1,0
Shakepay,2023,2023Q1,21
Share Now,2022,2022Q4,150
ShareChat,2020,2020Q2,101
ShareChat,2022,2022Q4,100
ShareChat,2023,2023Q1,500
ShareChat,2023,2023Q4,200
ShareChat,2024,2024Q3,30
Sharesies,2023,2023Q1,0
Sharethrough,2020,2020Q3,18
Shef,2022,2022Q2,29
Shein,2024,2024Q3,17
Shelf Engine,2022,2022Q3,43
Sherpa,2022,2022Q3,22
Shift,2022,2022Q3,0
Shift,2023,2023Q1,0
Shift,2023,2023Q3,0
Shift,2023,2023Q4,0
ShipBob,2022,2022Q3,0
Shippo,2022,2022Q4,60
Shipsi,2020,2020Q2,20
Shipt,2023,2023Q4,0
Shogun,2022,2022Q3,48
Shop101,2020,2020Q2,200
ShopBack,2024,2024Q1,195
ShopX,2022,2022Q3,0
Shopee,2022,2022Q2,0
Shopee,2022,2022Q3,0
Shopee,2022,2022Q4,0
Shopee,2023,2023Q1,200
Shopify,2020,2020Q3,30
Shopify,2022,2022Q3,1120
Shopify,2023,2023Q2,2300
Showpad,2020,2020Q2,52
Showpad,2024,2024Q2,50
Shutterfly,2021,2021Q1,800
Shutterfly,2023,2023Q1,360
Shutterfly,2023,2023Q3,246
Shuttl,2020,2020Q2,40
SiFive,2023,2023Q4,130
Side,2022,2022Q2,0
Side,2022,2022Q4,0
Sidecar Health,2022,2022Q2,110
Sierra Space,2023,2023Q4,115
Sift,2020,2020Q2,0
Sigfox,2022,2022Q2,64
Sight Diagnostics,2024,2024Q2,40
Sightful,2024,2024Q3,20
Signicat,2022,2022Q4,0
Silo,2024,2024Q2,0
Silofit,2023,2023Q3,0
Similarweb,2022,2022Q4,120
Similarweb,2023,2023Q2,60
Simon Data,2020,2020Q2,6
Simpl,2023,2023Q2,150
Simpl,2024,2024Q2,130
Simple,2021,2021Q1,0
Simple Feast,2022,2022Q3,150
Simplilearn,2023,2023Q4,200
Sinch,2022,2022Q4,150
Singular,2020,2020Q2,0
Singular Genomics,2023,2023Q4,0
Singular Genomics,2024,2024Q1,0
Singularity 6,2024,2024Q2,85
SirionLabs,2023,2023Q1,130
SiriusXM,2023,2023Q1,475
SiriusXM,2024,2024Q1,160
Sirplus,2024,2024Q1,60
Sisense,2020,2020Q2,80
Sisense,2023,2023Q3,100
Sisense,2024,2024Q1,60
Siteimprove,2020,2020Q1,40
Skai,2022,2022Q3,30
Skedulo,2022,2022Q3,31
Sketch,2022,2022Q4,80
Skill Lync,2023,2023Q2,400
Skill Lync,2023,2023Q3,200
Skillshare,2022,2022Q2,31
Skillshare,2022,2022Q3,0
Skillz,2020,2020Q2,21
Skillz,2022,2022Q2,70
Skillz,2022,2022Q3,0
Skip the Dishes,2024,2024Q3,800
SkipTheDishes,2022,2022Q3,350
Skit.ai,2023,2023Q1,115
SkyKick,2023,2023Q3,140
SkySlope,2020,2020Q1,50
Skyscanner,2020,2020Q3,300
Slice Labs,2020,2020Q2,0
Slickdeals,2023,2023Q2,79
Slite,2023,2023Q1,10
Slync,2022,2022Q3,0
Slync,2023,2023Q4,0
Small Robot Company,2024,2024Q1,0
Smallcase,2023,2023Q1,15
Smarsh,2022,2022Q3,0
SmartAsset,2023,2023Q2,0
SmartNews,2023,2023Q1,120
Smartsheet,2023,2023Q1,85
Smava,2022,2022Q3,100
Smava,2022,2022Q4,100
SmileDirectClub,2023,2023Q4,0
Snagajob,2022,2022Q3,0
Snap,2022,2022Q3,1280
Snap,2023,2023Q3,170
Snap,2023,2023Q4,20
Snap,2024,2024Q1,500
Snap Finance,2020,2020Q1,0
Snapdocs,2022,2022Q3,0
Snapdocs,2022,2022Q4,0
Snappy,2023,2023Q1,100
Snaptravel,2020,2020Q3,0
Snowplow,2023,2023Q1,40
Snyk,2022,2022Q2,30
Snyk,2022,2022Q4,198
Snyk,2023,2023Q2,128
SoFi,2020,2020Q2,112
SoFi,2023,2023Q1,0
SoFi,2024,2024Q1,0
Socure,2022,2022Q2,69
Socure,2023,2023Q1,104
Software AG,2023,2023Q1,200
Sojern,2020,2020Q2,300
Sojern,2023,2023Q4,0
SolarEdge,2024,2024Q1,900
SolarEdge,2024,2024Q3,400
Solarisbank,2022,2022Q3,0
Solarisbank,2023,2023Q4,20
Solidigm,2023,2023Q3,98
Soluto,2022,2022Q3,120
Sonatype,2023,2023Q2,100
Sonder,2020,2020Q1,400
Sonder,2022,2022Q2,250
Sonder,2023,2023Q1,100
Sonder,2024,2024Q1,106
SonderMind,2022,2022Q4,0
SonderMind,2024,2024Q1,49
Sono Motors,2023,2023Q1,300
Sono Motors,2023,2023Q4,0
Sonos,2020,2020Q2,174
Sonos,2023,2023Q2,130
Sonos,2023,2023Q4,0
Sonos,2024,2024Q3,100
Sony Interactive,2024,2024Q1,900
Sophos,2023,2023Q1,450
Sorabel,2020,2020Q3,0
Sorare,2024,2024Q1,22
SoundCloud,2022,2022Q3,0
SoundCloud,2023,2023Q2,0
SoundHound,2022,2022Q4,45
SoundHound,2023,2023Q1,200
Soundwide,2023,2023Q1,0
Sourcegraph,2022,2022Q2,24
Spaces,2020,2020Q3,0
Spaceship,2023,2023Q1,0
Spartan Poker,2023,2023Q3,125
Spendesk,2024,2024Q3,151
Spin,2022,2022Q1,0
Spin,2022,2022Q3,78
Spinny,2023,2023Q3,300
Splice,2022,2022Q3,23
Splunk,2020,2020Q2,70
Splunk,2023,2023Q1,325
Splunk,2023,2023Q4,500
Splyt,2022,2022Q4,57
Spora Health,2022,2022Q4,0
Sportradar,2023,2023Q4,0
SpotHero,2020,2020Q1,0
SpotHero,2020,2020Q2,40
Spotify,2022,2022Q4,0
Spotify,2023,2023Q1,615
Spotify,2023,2023Q2,200
Spotify,2023,2023Q4,1500
Spotify,2024,2024Q3,40
Spreetail,2022,2022Q4,0
Spring,2022,2022Q3,0
Springbig,2022,2022Q4,37
Springlane,2022,2022Q4,0
Sprinklr,2020,2020Q2,0
Sprinklr,2022,2022Q2,50
Sprinklr,2023,2023Q1,100
Sprinklr,2024,2024Q2,116
Sproutt,2024,2024Q2,0
Spyce,2020,2020Q2,4
SquadVoice,2020,2020Q2,0
Square Roots,2023,2023Q3,0
Stability AI,2024,2024Q2,20
Stack Overflow,2020,2020Q2,40
Stack Overflow,2023,2023Q2,58
Stack Overflow,2023,2023Q4,0
Stackpath,2024,2024Q2,0
Staffbase,2023,2023Q2,90
Starburst,2023,2023Q2,0
Starry,2022,2022Q4,0
Starry,2023,2023Q1,100
Starship,2022,2022Q2,0
Starship Technologies,2020,2020Q1,30
Stash,2022,2022Q4,32
Stash,2023,2023Q2,40
Stash,2024,2024Q1,80
Stash Financial,2022,2022Q2,40
Stashaway,2022,2022Q2,31
Stax,2023,2023Q1,24
Stay Alfred,2020,2020Q2,221
Stedi,2022,2022Q3,23
Stellar Pizza,2023,2023Q4,0
StellarAlgo,2023,2023Q4,21
StepStone,2023,2023Q4,215
Stint,2022,2022Q3,28
Stitch Fix,2020,2020Q2,1400
Stitch Fix,2022,2022Q2,330
Stitch Fix,2023,2023Q1,0
Stitch Fix,2023,2023Q3,400
Stitch Fix,2023,2023Q4,558
Stitch Fix,2024,2024Q1,0
Stoa,2023,2023Q3,80
StockX,2020,2020Q2,100
StockX,2022,2022Q2,200
Stockwell AI,2020,2020Q2,0
Stone,2020,2020Q2,1300
Stoqo,2020,2020Q2,250
Stord,2022,2022Q2,59
StoryBlocks,2022,2022Q4,0
Storytel,2022,2022Q1,100
Storytel,2024,2024Q1,160
Strake,2023,2023Q4,0
Strava,2022,2022Q4,0
Stream,2022,2022Q2,20
StreamElements,2022,2022Q2,0
StreamElements,2023,2023Q1,40
StreamElements,2023,2023Q3,60
StreamSets,2020,2020Q3,0
StreetBees,2022,2022Q4,0
Stripe,2022,2022Q3,50
Stripe,2022,2022Q4,1000
Stripe,2023,2023Q2,0
StrongDM,2023,2023Q1,40
StubHub,2020,2020Q2,200
StubHub,2022,2022Q3,0
Studio,2022,2022Q2,33
Studio,2022,2022Q4,0
StudySmarter,2022,2022Q4,70
StyleSeat,2022,2022Q3,0
StyleSeat,2023,2023Q3,0
Stytch,2023,2023Q1,19
Submittable,2020,2020Q2,30
Subspace,2021,2021Q1,0
Subspace,2022,2022Q2,0
Substack,2022,2022Q2,13
SumUp,2021,2021Q2,0
SumUp,2022,2022Q2,100
SummerBio,2022,2022Q2,101
Sumo Logic,2023,2023Q2,79
Sundae,2022,2022Q2,0
Sunday,2022,2022Q2,90
SundaySky,2022,2022Q3,24
Sunfolding,2023,2023Q4,0
SuperLearn,2022,2022Q2,0
SuperRare,2023,2023Q1,0
Superhuman,2022,2022Q2,23
Superloop,2020,2020Q3,30
Superpedestrian,2022,2022Q2,35
Superpedestrian,2023,2023Q4,0
Swappie,2022,2022Q2,250
SweetEscape,2020,2020Q2,0
Sweetgreen,2020,2020Q2,35
Sweetgreen,2022,2022Q3,0
Swiggy,2020,2020Q2,1900
Swiggy,2020,2020Q3,350
Swiggy,2022,2022Q4,250
Swiggy,2023,2023Q1,380
Swiggy,2024,2024Q1,400
Swing Education,2020,2020Q3,0
Swyft,2022,2022Q2,10
Swyftx,2022,2022Q3,74
Swyftx,2022,2022Q4,90
Syft Technologies,2023,2023Q1,30
Symend,2022,2022Q4,0
Symend,2023,2023Q1,50
Symend,2024,2024Q2,0
Synamedia,2023,2023Q1,200
Synapse,2023,2023Q2,0
Synapse,2023,2023Q4,86
SynapseFI,2020,2020Q2,63
Synapsica,2022,2022Q4,30
Synctera,2024,2024Q1,17
Synergysuite,2020,2020Q2,5
Synlogic,2022,2022Q4,0
Synopsys,2023,2023Q1,100
Synthego,2022,2022Q4,105
Syte,2022,2022Q3,13
TADA,2023,2023Q2,45
TCR2,2022,2022Q3,30
TCR2,2023,2023Q1,0
TIFIN,2022,2022Q2,24
TRM Labs,2023,2023Q2,16
Taboola,2022,2022Q3,100
Tackle,2023,2023Q1,0
Tackle.io,2023,2023Q2,75
Tails.com,2024,2024Q1,55
Take-Two,2024,2024Q2,579
Take-Two Interactive,2023,2023Q1,0
TakeOff,2023,2023Q1,50
Takl,2020,2020Q1,130
Talent.com,2023,2023Q2,86
Talent.com,2023,2023Q3,0
Talis Biomedical,2022,2022Q1,0
Talkdesk,2022,2022Q3,0
Talkdesk,2023,2023Q1,0
Talkdesk,2023,2023Q3,0
Talkwalker,2022,2022Q3,0
Tally,2020,2020Q2,28
Tally,2024,2024Q3,0
Tamara Mellon,2020,2020Q1,20
Tanium,2021,2021Q3,30
Tapas Media,2022,2022Q3,0
Tapps Games,2022,2022Q4,10
TaskUs,2022,2022Q2,52
TaskUs,2023,2023Q1,186
TaxBit,2022,2022Q4,0
TaxBit,2023,2023Q2,80
Taxfix,2023,2023Q2,120
Teachmint,2022,2022Q4,45
Teachmint,2023,2023Q2,70
TealBook,2022,2022Q4,34
Teampay,2023,2023Q2,30
Teamwork,2020,2020Q2,21
TechAdvance,2020,2020Q2,0
TechCrunch,2024,2024Q1,7
TechTarget,2022,2022Q4,60
Tekion,2023,2023Q3,300
Teladoc Health,2023,2023Q1,300
Telenav,2023,2023Q2,172
Teleport,2022,2022Q3,15
Tempo,2022,2022Q4,0
Tempo Automation,2022,2022Q3,54
Tempo Automation,2023,2023Q3,62
Tempus Ex,2022,2022Q2,0
Ten Square Games,2023,2023Q2,120
Tenable,2024,2024Q1,0
Tencent,2022,2022Q4,0
Tencent,2023,2023Q1,300
TenureX,2023,2023Q1,0
Teradata,2024,2024Q3,0
Terminus,2022,2022Q2,0
Tesla,2022,2022Q2,0
Tesla,2024,2024Q2,14500
Tessera,2023,2023Q2,0
TextNow,2022,2022Q3,22
Textio,2020,2020Q1,30
Textio,2023,2023Q2,15
Textio,2024,2024Q1,14
The Appraisal Lane,2020,2020Q3,0
The Athletic,2020,2020Q2,46
The Good Glamm Group,2024,2024Q2,150
The Grommet,2022,2022Q2,40
The Guild,2020,2020Q1,38
The Iconic,2023,2023Q1,69
The Meet Group,2023,2023Q1,0
The Messenger,2024,2024Q1,24
The Modist,2020,2020Q2,0
The Mom Project,2022,2022Q3,54
The Muse,2020,2020Q2,0
The Org,2022,2022Q3,13
The Predictive Index,2020,2020Q2,59
The Predictive Index,2022,2022Q3,40
The RealReal,2020,2020Q2,235
The RealReal,2023,2023Q1,230
The Sill,2020,2020Q2,20
The Wing,2020,2020Q2,0
The Wing,2020,2020Q3,56
The Wing,2022,2022Q3,0
The Zebra,2022,2022Q2,40
The Zebra,2022,2022Q4,50
TheSkimm,2020,2020Q2,26
TheSkimm,2023,2023Q1,17
TheSkimm,2023,2023Q2,22
TheWrap,2020,2020Q3,0
Thepeer,2024,2024Q2,0
Thimble,2022,2022Q3,20
Thinkific,2022,2022Q1,100
Thinkific,2022,2022Q4,0
Thinkific,2023,2023Q1,76
Thinx,2024,2024Q1,95
ThirdLove,2020,2020Q1,10
ThirdLove,2020,2020Q2,65
Thirty Madison,2022,2022Q2,24
Thirty Madison,2022,2022Q3,0
ThoughtSpot,2020,2020Q2,0
Thoughtworks,2023,2023Q1,500
Thoughtworks,2023,2023Q3,579
Thrasio,2022,2022Q2,0
Thread,2022,2022Q4,30
ThredUp,2021,2021Q1,243
ThredUp,2022,2022Q3,0
Thriver,2020,2020Q3,75
Thumbtack,2020,2020Q1,250
Thumbtack,2022,2022Q4,160
Thursday,2024,2024Q1,0
Tibber,2023,2023Q2,50
Tickertape,2023,2023Q2,29
TicketSwap,2020,2020Q2,0
Tidal,2023,2023Q4,40
Tidepool,2020,2020Q4,18
Tiendanube,2022,2022Q4,50
Tier Mobility,2022,2022Q3,180
Tier Mobility,2023,2023Q1,80
Tier Mobility,2023,2023Q4,0
TikTok,2022,2022Q3,0
TikTok,2023,2023Q1,0
TikTok,2024,2024Q1,60
TikTok,2024,2024Q2,1250
TikTok India,2023,2023Q1,40
Tiki,2023,2023Q2,0
Tilia,2023,2023Q3,28
Till Payments,2023,2023Q1,120
Tilting Point,2023,2023Q1,60
Times Internet ,2023,2023Q3,100
Tipalti,2023,2023Q1,123
Titan Medical,2023,2023Q1,48
Toast,2020,2020Q2,1300
Toast,2024,2024Q1,550
TomTom,2022,2022Q2,500
TomTom,2023,2023Q4,45
Tome,2024,2024Q2,12
Tome,2024,2024Q4,12
Tome Biosciences,2024,2024Q3,131
Tomo,2022,2022Q2,44
Tomorrow,2022,2022Q4,30
Tonal,2022,2022Q3,262
Tonik,2024,2024Q1,0
Tonkean,2022,2022Q2,23
Toothsi,2023,2023Q2,20
Top Hat,2020,2020Q2,16
Top Hat,2023,2023Q3,42
Top Hat,2024,2024Q1,35
Toppr,2022,2022Q2,350
Toptal,2024,2024Q4,0
Tor,2020,2020Q2,13
Torii,2023,2023Q2,28
Toshiba,2024,2024Q2,4000
Totango,2024,2024Q1,0
Toucan,2023,2023Q1,0
TouchBistro,2020,2020Q2,131
Tractable,2023,2023Q2,0
Trade Republic,2022,2022Q2,0
Trade Republic,2024,2024Q2,0
TradeWindow,2023,2023Q1,25
Transfix,2020,2020Q2,24
Transmit Security,2022,2022Q3,27
TravelBank,2020,2020Q1,20
TravelTriangle,2020,2020Q1,250
Traveloka,2020,2020Q2,100
Trax,2020,2020Q2,120
Trax,2022,2022Q2,100
Trax,2022,2022Q4,80
Tray.io,2022,2022Q2,0
Treasure Financial,2024,2024Q1,14
Treasury Prime,2024,2024Q1,40
Treehouse,2021,2021Q3,41
Trell,2022,2022Q1,300
Trellix,2023,2023Q3,0
Trend Micro,2024,2024Q1,0
Trendsales,2024,2024Q2,79
Tricida,2022,2022Q4,0
Trigo,2024,2024Q1,30
TripActions,2020,2020Q1,300
TripAdvisor,2020,2020Q2,900
TripAdvisor,2023,2023Q3,0
TripAdvisor,2023,2023Q4,125
Tripbam,2020,2020Q2,10
TripleLift,2020,2020Q2,23
TripleLift,2023,2023Q1,100
Triplebyte,2020,2020Q1,15
Tripwire,2022,2022Q2,0
Trivago,2020,2020Q2,0
Tropic,2023,2023Q4,26
Tropic,2024,2024Q2,40
Trove Recommerce,2020,2020Q2,13
Trove Recommerce,2024,2024Q1,130
Truck It In,2022,2022Q2,0
Truckstop.com,2023,2023Q1,0
True Anomaly,2024,2024Q2,30
TrueCar,2020,2020Q2,219
TrueCar,2023,2023Q2,102
TrueLayer,2022,2022Q3,40
Truepill,2022,2022Q2,150
Truepill,2022,2022Q3,175
Truiloo,2022,2022Q3,24
Truss Works,2023,2023Q3,0
Trustly,2022,2022Q1,120
Trybe,2022,2022Q3,47
Trybe,2023,2023Q2,128
TuSimple,2022,2022Q4,350
TuSimple,2023,2023Q2,0
TuSimple,2023,2023Q4,150
Tufin,2022,2022Q3,55
Tuft & Needle,2020,2020Q1,0
Tul,2023,2023Q1,100
Tulip Retail,2020,2020Q2,14
Tulip Retail,2023,2023Q4,25
Turnitin,2022,2022Q4,51
Turnitin,2024,2024Q1,15
Turntide,2022,2022Q3,0
Turo,2020,2020Q1,108
TutorMundi,2020,2020Q2,4
Twig,2024,2024Q1,0
Twiga,2022,2022Q4,211
Twiga,2023,2023Q3,283
Twilio,2022,2022Q3,800
Twilio,2023,2023Q1,1500
Twilio,2023,2023Q4,0
TwinStrand,2022,2022Q4,0
Twine Solutions ,2023,2023Q1,30
Twist Bioscience,2023,2023Q2,270
Twitch,2023,2023Q4,0
Twitch,2024,2024Q1,500
Twitter,2022,2022Q3,0
Twitter,2022,2022Q4,3700
Twitter,2023,2023Q1,240
Typeform,2022,2022Q4,0
TytoCare,2023,2023Q3,20
UIPath,2024,2024Q3,420
UKG,2023,2023Q1,265
UKG,2024,2024Q3,2200
UPshow,2020,2020Q2,19
Ual,2022,2022Q4,53
Uber,2020,2020Q2,7525
Uber,2022,2022Q3,60
Uber,2023,2023Q2,200
Uber Freight,2023,2023Q1,150
Uber Freight,2023,2023Q3,40
Uber Freight,2024,2024Q1,40
Uberflip,2022,2022Q3,31
Udaan,2022,2022Q2,180
Udaan,2022,2022Q4,350
Udaan,2023,2023Q4,100
Udacity,2022,2022Q4,55
Udayy,2022,2022Q2,100
Udemy,2023,2023Q1,0
Udemy,2024,2024Q3,280
UiPath,2022,2022Q2,210
UiPath,2022,2022Q4,241
Ula,2022,2022Q4,134
Uleet,2023,2023Q4,0
Una Brands,2022,2022Q2,0
Unacademy,2022,2022Q2,1150
Unacademy,2022,2022Q4,350
Unacademy,2023,2023Q1,0
Unacademy,2024,2024Q3,250
Unbabel,2020,2020Q2,80
Unbounce,2022,2022Q3,47
Unbounce,2024,2024Q3,0
Uncapped,2022,2022Q2,29
Unchained Capital,2022,2022Q4,0
Unico,2022,2022Q4,50
Unico,2023,2023Q1,110
Uniphore,2023,2023Q1,76
Unison,2020,2020Q2,89
Unit,2024,2024Q2,0
Unite Us,2023,2023Q3,0
Unity,2022,2022Q2,200
Unity,2023,2023Q1,284
Unity,2023,2023Q2,650
Unity,2023,2023Q4,265
Unity,2024,2024Q1,1800
Universal Standard,2020,2020Q1,0
Uno Health,2023,2023Q4,0
Unstoppable Domains,2022,2022Q3,42
UpGrad,2023,2023Q1,120
UpScalio,2023,2023Q1,25
Updater,2022,2022Q3,0
Upside Foods,2024,2024Q3,26
Upstart,2022,2022Q4,140
Upstart,2023,2023Q1,365
Upwork,2023,2023Q2,137
Urban Sports Club,2022,2022Q3,55
Ursa Major,2023,2023Q2,0
UserTesting,2023,2023Q1,63
Usermind,2020,2020Q2,15
Utopia Music,2022,2022Q4,0
Utopia Music,2023,2023Q2,0
VMware,2023,2023Q4,2837
VRChat,2024,2024Q2,0
VSCO,2020,2020Q2,45
VTEX,2022,2022Q2,200
VTrips,2023,2023Q4,75
Vacasa,2020,2020Q1,0
Vacasa,2023,2023Q1,1300
Vacasa,2024,2024Q1,320
Vacasa,2024,2024Q2,800
Vah Vah!,2023,2023Q2,150
Validity,2020,2020Q2,130
Vallai,2023,2023Q2,0
VanHack,2022,2022Q4,0
Vanta,2022,2022Q4,0
Varo,2022,2022Q3,75
Varo,2023,2023Q2,97
Varonis,2022,2022Q4,110
Vedanta Biosciences,2022,2022Q3,0
Vedantu,2022,2022Q2,624
Vedantu,2022,2022Q3,100
Vedantu,2022,2022Q4,385
Vee,2022,2022Q3,16
Vee,2022,2022Q4,17
Veeam,2023,2023Q1,200
Veeam,2024,2024Q1,300
Veem,2020,2020Q2,30
Veev,2022,2022Q4,100
Veev,2023,2023Q4,0
Veho,2024,2024Q1,65
Velo3D,2024,2024Q3,42
Velocity,2023,2023Q3,0
Velodyne Lidar,2020,2020Q2,140
Velodyne Lidar,2023,2023Q1,220
Venafi,2022,2022Q4,0
Vendasta,2022,2022Q3,0
Vendasta,2023,2023Q3,0
Vendease,2022,2022Q4,27
Vendr,2023,2023Q2,100
Vendr,2024,2024Q1,0
Venngage,2023,2023Q1,11
VerSe Innovation,2022,2022Q4,150
Verbit,2022,2022Q3,80
Verbit,2023,2023Q3,60
Verbit,2024,2024Q1,0
Veriff,2020,2020Q2,63
Veriff,2023,2023Q1,66
Veriff,2023,2023Q3,101
Verily,2023,2023Q1,250
Verily,2024,2024Q1,0
Verse,2023,2023Q3,0
VerticalScope,2023,2023Q1,60
Vesalius Therapeutics,2022,2022Q3,29
Vesta,2020,2020Q3,56
Vesttoo,2023,2023Q3,150
Vezeeta,2022,2022Q2,50
Vial,2023,2023Q1,40
Viamo,2022,2022Q3,0
Viant,2022,2022Q4,46
Viaplay,2023,2023Q3,450
Viasat,2023,2023Q2,300
Viasat,2023,2023Q4,800
Viber,2022,2022Q4,45
Vibrent Health,2023,2023Q1,0
Vicarious Surgical,2023,2023Q1,0
Vice Media,2024,2024Q1,0
VideoAmp,2020,2020Q2,21
VideoAmp,2022,2022Q3,0
VideoAmp,2023,2023Q3,40
VideoAmp,2024,2024Q1,0
View,2020,2020Q2,0
View,2023,2023Q2,170
Vimeo,2022,2022Q3,0
Vimeo,2023,2023Q1,0
VinFast US,2023,2023Q1,80
Vipps,2024,2024Q1,0
Virgin Hyperloop,2022,2022Q1,111
Virgio,2023,2023Q4,20
Virta Health,2020,2020Q2,65
Virtudent,2020,2020Q2,70
Vise,2022,2022Q2,25
Vista Group,2023,2023Q3,0
Vivian Health,2024,2024Q2,13
Voi,2020,2020Q2,100
Voi,2022,2022Q2,35
Voi,2022,2022Q4,130
Voi,2024,2024Q1,120
Volt Bank,2022,2022Q2,0
Volta,2022,2022Q3,0
Volta,2022,2022Q4,0
Volta Trucks,2023,2023Q4,0
Voly,2022,2022Q2,0
Voly,2022,2022Q4,0
Vouch,2022,2022Q2,15
Vowel,2023,2023Q2,0
Vox Media,2020,2020Q3,0
Vox Media,2022,2022Q3,39
Vox Media,2023,2023Q1,130
Vox Media,2023,2023Q4,0
Voyage SMS,2022,2022Q2,8
Vroom,2022,2022Q2,270
Vroom,2022,2022Q3,337
Vroom,2023,2023Q1,275
Vroom,2023,2023Q2,120
Vroom,2024,2024Q1,800
WHOOP,2022,2022Q3,95
WHOOP,2023,2023Q1,0
Wahoo Fitness,2022,2022Q2,50
WalkMe,2023,2023Q1,43
WalkMe,2023,2023Q2,112
Wallbox,2023,2023Q1,0
Walnut,2024,2024Q2,15
WanderJaunt,2020,2020Q1,56
WanderJaunt,2022,2022Q3,85
Warby Parker,2022,2022Q3,63
Warren,2022,2022Q3,50
Wattpad,2023,2023Q1,42
Wattpad,2024,2024Q1,20
Wave,2022,2022Q3,300
Wave Financial,2023,2023Q1,50
Wave Sports and Entertainment,2022,2022Q2,56
Wavely,2022,2022Q4,0
WayCool,2023,2023Q3,300
WayCool,2024,2024Q1,70
WayCool,2024,2024Q3,200
Wayfair,2022,2022Q3,870
Wayfair,2023,2023Q1,1750
Wayfair,2024,2024Q1,1650
Wayflyer,2022,2022Q4,200
Waymo,2023,2023Q1,209
Waymo,2023,2023Q4,0
Waze,2020,2020Q3,30
Waze,2023,2023Q2,0
WazirX,2022,2022Q4,60
WeDoctor,2022,2022Q1,500
WeFit,2020,2020Q2,0
WeTrade,2023,2023Q1,0
WeTransfer,2023,2023Q4,35
WeTransfer,2024,2024Q3,260
WeWork,2020,2020Q1,250
WeWork,2020,2020Q2,600
WeWork ,2020,2020Q3,0
WeWork ,2023,2023Q1,300
Wealthsimple,2022,2022Q2,159
Webflow,2024,2024Q3,0
Weedmaps,2022,2022Q3,0
Weedmaps,2022,2022Q4,175
Weee!,2022,2022Q2,150
Wefox,2023,2023Q1,100
Wefox,2024,2024Q2,60
Wejo,2023,2023Q1,40
Welkin Health,2020,2020Q2,10
Western Digital,2022,2022Q4,251
Western Digital,2023,2023Q2,271
Westwing,2022,2022Q3,125
Wex,2024,2024Q2,375
Wheel,2022,2022Q3,35
Wheel,2023,2023Q1,56
When I Work,2020,2020Q2,55
Whereby,2022,2022Q3,0
Whispir,2022,2022Q4,0
WhiteHat Jr,2021,2021Q1,1800
WhiteHat Jr,2022,2022Q2,300
WhyHotel,2020,2020Q2,0
Wildlife Studios,2022,2022Q4,300
Willow,2022,2022Q4,99
WillowTree,2023,2023Q2,120
Wint Wealth,2024,2024Q1,19
Wisense,2024,2024Q1,0
Wish,2022,2022Q1,190
Wish,2023,2023Q1,150
Wish,2023,2023Q3,255
Wistia,2022,2022Q4,40
Wix,2022,2022Q3,100
Wix,2023,2023Q1,370
Wizeline,2022,2022Q3,0
Wonder,2020,2020Q2,0
Wonder,2022,2022Q4,130
Wonderschool,2020,2020Q1,50
Wonderschool,2023,2023Q1,0
Wonolo,2020,2020Q2,46
Wordstream,2020,2020Q2,26
WorkRamp,2022,2022Q3,35
Workable,2020,2020Q2,25
Workato,2023,2023Q1,90
Workday,2023,2023Q1,525
Workfellow,2024,2024Q1,0
Workfront,2020,2020Q2,0
Workhuman,2023,2023Q1,130
Workit Health,2023,2023Q2,100
Workmotion,2022,2022Q4,60
Workrise,2022,2022Q2,450
Worksmith,2020,2020Q4,30
Workstream,2022,2022Q3,45
Woven,2022,2022Q3,5
Wyre,2023,2023Q1,0
XP,2023,2023Q1,0
Xendit,2022,2022Q4,0
Xendit,2023,2023Q3,0
Xendit,2024,2024Q1,200
Xentral,2022,2022Q4,20
Xero,2023,2023Q1,800
Xerox,2024,2024Q1,3000
Xerpa,2020,2020Q2,10
Xiaohongshu,2022,2022Q2,180
Xiaomi,2022,2022Q4,0
Xiaomi India,2023,2023Q2,30
Xing,2023,2023Q1,68
Xolo,2023,2023Q3,24
Xsight Labs,2022,2022Q3,0
Yabonza,2022,2022Q3,0
Yahoo,2023,2023Q1,1600
Yahoo,2023,2023Q4,0
Yapily,2022,2022Q4,0
Yellow.ai,2023,2023Q1,200
Yelp,2020,2020Q2,1000
Yelp,2020,2020Q3,63
Yext,2023,2023Q1,0
Yext,2024,2024Q2,0
Ynsect,2023,2023Q2,17
Yoco,2020,2020Q2,0
Yojak,2022,2022Q2,140
Yonder,2020,2020Q1,18
Yotpo,2022,2022Q4,70
YouTube,2024,2024Q1,100
YourGrocer,2022,2022Q4,0
Yuga Labs,2023,2023Q4,0
Yummly,2024,2024Q2,0
Zak,2022,2022Q2,100
Zalando,2023,2023Q1,0
Zalando,2023,2023Q2,0
Zapier,2023,2023Q2,0
Zapp,2022,2022Q2,0
Zapp,2024,2024Q4,0
Zappos,2022,2022Q3,0
Zappos,2023,2023Q1,0
Zazuu,2023,2023Q4,0
Zebra Technologies,2023,2023Q3,700
Zego,2022,2022Q3,85
Zeitgold,2020,2020Q3,75
ZenBusiness,2022,2022Q4,0
ZenLedger,2022,2022Q4,0
Zencity,2022,2022Q3,30
Zendesk,2022,2022Q3,80
Zendesk,2022,2022Q4,350
Zendesk,2023,2023Q2,320
Zenefits,2020,2020Q2,87
Zenius,2022,2022Q2,200
Zenius,2022,2022Q3,0
Zenjob,2022,2022Q3,0
Zenoti,2020,2020Q1,17
Zeplin,2023,2023Q3,37
Zepto,2022,2022Q3,0
Zepz,2023,2023Q2,420
Zepz,2023,2023Q4,30
Zerto,2020,2020Q1,0
Zest AI,2020,2020Q2,0
ZestMoney,2023,2023Q2,100
ZestMoney,2023,2023Q4,150
Zeus Living,2020,2020Q1,80
Zeus Living,2020,2020Q2,73
Zeus Living,2022,2022Q4,64
Zeus Living,2023,2023Q4,0
Zhihu,2022,2022Q4,0
Zilch,2022,2022Q4,0
Zilingo,2020,2020Q2,44
Zilingo,2020,2020Q3,100
Zillow,2021,2021Q4,2000
Zillow,2022,2022Q4,300
Zillow,2023,2023Q4,23
Zinier,2020,2020Q4,0
Zip,2023,2023Q3,300
ZipRecruiter,2020,2020Q1,400
ZipRecruiter,2023,2023Q2,270
Zipcar,2020,2020Q1,100
Ziroom,2022,2022Q2,0
Zoe,2024,2024Q2,0
Zola,2020,2020Q2,0
Zomato,2020,2020Q2,520
Zomato,2020,2020Q4,0
Zomato,2022,2022Q4,100
Zoom,2023,2023Q1,1300
Zoom,2024,2024Q1,150
ZoomInfo,2023,2023Q2,120
Zoomo,2022,2022Q4,65
Zoomo,2023,2023Q2,27
Zoopla,2022,2022Q4,50
Zoox,2020,2020Q2,220
Zscaler,2023,2023Q1,177
Zulily,2022,2022Q2,0
Zulily,2023,2023Q1,0
Zulily,2023,2023Q2,0
Zulily,2023,2023Q4,839
Zum,2020,2020Q2,28
Zume,2020,2020Q2,200
Zume,2023,2023Q2,0
Zumper,2022,2022Q2,45
Zuora,2022,2022Q4,0
Zuora,2024,2024Q1,0
Zwift,2020,2020Q1,0
Zwift,2022,2022Q2,150
Zwift,2023,2023Q1,80
Zwift,2024,2024Q1,0
Zylo,2023,2023Q3,0
Zymergen,2021,2021Q3,120
Zymergen,2022,2022Q3,160
Zymergen,2023,2023Q2,27
Zymergen ,2020,2020Q2,0
Zywave,2022,2022Q4,0
dbt Labs,2023,2023Q2,0
divvyDOSE,2022,2022Q2,62
dot.LA,2023,2023Q2,0
eBay,2023,2023Q1,500
eBay,2023,2023Q4,20
eBay,2024,2024Q1,1000
eBay,2024,2024Q2,0
eGym,2020,2020Q2,100
eToro,2022,2022Q3,100
ezCater,2020,2020Q2,400
iCAD,2023,2023Q1,23
iCIMS,2024,2024Q3,69
iFit,2021,2021Q4,0
iFit,2022,2022Q1,0
iFit,2022,2022Q4,300
iFood,2023,2023Q1,355
iPrice Group,2022,2022Q2,50
iQiyi Smart,2023,2023Q3,0
iRobot,2022,2022Q3,140
iRobot,2023,2023Q1,85
iRobot,2024,2024Q1,350
iSpecimen,2023,2023Q3,0
inDrive,2023,2023Q3,0
kununu,2020,2020Q3,0
mPharma,2023,2023Q3,150
nCino,2023,2023Q1,100
tZero,2020,2020Q3,0
uShip,2020,2020Q1,65
